,player_id,playing_season,playing_position,playing_age,team_name,no_of_games_played,no_minutes_played,field_goals_made,field_goals_pctg,three_pointers_made,three_point_pctg,effective_field_goal_pctg,free_thows_made,free_throws_pctg,total_rebounds,no_of_assists,no_of_steals,no_of_blocks,no_of_turnovers,points
0,abrinal01,2017,SG,24,OKC,75,15.1,1.5,0.395,1.1,0.38,0.54,0.5,0.848,1.5,0.4,0.5,0.1,0.3,4.7
1,acyqu01,2017,PF,27,BRK,70,19.4,1.9,0.356,1.5,0.349,0.496,0.7,0.817,3.7,0.8,0.5,0.4,0.9,5.9
2,adamsst01,2017,C,24,OKC,76,32.7,5.9,0.629,0.0,0.0,0.629,2.1,0.559,9.0,1.2,1.2,1.0,1.7,13.9
3,adebaba01,2017,C,20,MIA,69,19.8,2.5,0.512,0.0,0.0,0.512,1.9,0.721,5.5,1.5,0.5,0.6,1.0,6.9
4,afflaar01,2017,SG,32,ORL,53,12.9,1.2,0.401,0.5,0.386,0.485,0.4,0.846,1.2,0.6,0.1,0.2,0.4,3.4
5,aldrico01,2017,C,29,MIN,21,2.3,0.2,0.333,0.0,0.0,0.333,0.1,0.333,0.7,0.1,0.1,0.0,0.0,0.6
6,aldrila01,2017,C,32,SAS,75,33.5,9.2,0.51,0.4,0.293,0.52,4.5,0.837,8.5,2.0,0.6,1.2,1.5,23.1
7,allenja01,2017,C,19,BRK,72,20.0,3.3,0.589,0.1,0.333,0.596,1.6,0.776,5.4,0.7,0.4,1.2,1.1,8.2
8,allenka01,2017,PG,25,BOS,18,5.9,0.3,0.273,0.0,0.0,0.273,0.4,0.778,0.6,0.7,0.2,0.1,0.5,1.1
9,allento01,2017,SF,36,NOP,22,12.4,2.0,0.484,0.2,0.333,0.505,0.5,0.524,2.1,0.4,0.5,0.1,0.9,4.7
10,aminual01,2017,PF,27,POR,69,30.0,3.3,0.395,1.8,0.369,0.503,0.9,0.738,7.6,1.2,1.1,0.6,1.1,9.3
11,anderju01,2017,SF,24,PHI,38,13.7,2.3,0.431,0.9,0.33,0.515,0.7,0.737,2.4,0.7,0.4,0.2,0.4,6.2
12,anderky01,2017,SF,24,SAS,74,26.7,3.1,0.527,0.3,0.333,0.549,1.4,0.712,5.4,2.7,1.6,0.8,1.3,7.9
13,anderry01,2017,PF,29,HOU,66,26.1,3.1,0.431,2.0,0.386,0.568,1.1,0.774,5.0,0.9,0.4,0.3,0.6,9.3
14,anigbik01,2017,C,19,IND,11,2.7,0.4,0.444,0.0,0.0,0.444,0.5,0.833,0.8,0.0,0.1,0.3,0.2,1.2
15,antetgi01,2017,PF,23,MIL,75,36.7,9.9,0.529,0.6,0.307,0.545,6.5,0.76,10.0,4.8,1.5,1.4,3.0,26.9
16,anthoca01,2017,PF,33,OKC,78,32.1,6.1,0.404,2.2,0.357,0.476,1.9,0.767,5.8,1.3,0.6,0.6,1.3,16.2
17,anunoog01,2017,SF,20,TOR,74,20.0,2.2,0.471,1.0,0.371,0.577,0.5,0.629,2.5,0.7,0.7,0.2,0.6,5.9
18,arcidry01,2017,PG,23,CHI,24,12.7,0.7,0.415,0.4,0.29,0.524,0.2,0.833,1.0,1.5,0.5,0.0,0.5,2.0
19,arizatr01,2017,SF,32,HOU,67,33.9,4.0,0.412,2.5,0.368,0.542,1.1,0.854,4.4,1.6,1.5,0.2,0.8,11.7
20,arthuda01,2017,PF,29,DEN,19,7.4,1.2,0.468,0.4,0.348,0.553,0.1,0.667,0.8,0.5,0.4,0.2,0.8,2.8
21,artisja01,2017,SG,25,ORL,15,18.6,2.1,0.392,0.5,0.276,0.443,0.5,0.583,2.5,1.2,0.1,0.2,0.5,5.1
22,asikom01,2017,C,31,TOT,18,10.1,0.5,0.409,0.0,0.0,0.409,0.2,0.308,2.6,0.2,0.1,0.2,0.5,1.2
25,augusdj01,2017,PG,30,ORL,75,23.5,3.3,0.452,1.5,0.419,0.557,2.2,0.868,2.1,3.8,0.7,0.0,1.6,10.2
26,babbilu01,2017,SF,28,TOT,50,14.3,1.8,0.423,1.2,0.385,0.563,0.3,0.773,1.9,0.6,0.2,0.1,0.4,5.2
29,bacondw01,2017,SG,22,CHO,53,13.5,1.4,0.375,0.2,0.256,0.404,0.4,0.8,2.3,0.7,0.3,0.0,0.4,3.3
30,bakerro01,2017,SG,24,NYK,29,13.3,0.7,0.339,0.4,0.333,0.432,0.7,0.769,1.0,1.6,0.9,0.2,0.6,2.4
31,baldwwa01,2017,PG,21,POR,7,11.4,2.0,0.667,0.6,0.8,0.762,0.9,0.6,1.1,0.7,0.3,0.1,0.6,5.4
32,balllo01,2017,PG,20,LAL,52,34.2,3.9,0.36,1.7,0.305,0.44,0.6,0.451,6.9,7.2,1.7,0.8,2.6,10.2
33,bareajo01,2017,PG,33,DAL,69,23.2,4.4,0.439,1.7,0.367,0.522,1.2,0.784,2.9,6.3,0.5,0.0,2.1,11.6
34,barneha02,2017,PF,25,DAL,77,34.2,7.0,0.445,1.5,0.357,0.494,3.4,0.827,6.1,2.0,0.6,0.2,1.5,18.9
35,bartowi01,2017,SG,27,DEN,81,33.1,5.7,0.452,1.9,0.37,0.528,2.2,0.805,5.0,4.1,1.0,0.6,1.8,15.7
36,batumni01,2017,SG,29,CHO,64,31.0,4.2,0.415,1.4,0.336,0.486,1.7,0.831,4.8,5.5,1.0,0.4,2.0,11.6
37,bayleje01,2017,SG,29,PHI,39,23.7,2.8,0.416,1.4,0.37,0.519,0.9,0.795,2.1,1.4,0.6,0.2,1.2,7.9
38,baynear01,2017,C,31,BOS,81,18.3,2.6,0.471,0.0,0.143,0.474,0.7,0.756,5.4,1.1,0.3,0.6,1.0,6.0
39,bazemke01,2017,SG,28,ATL,65,27.5,4.4,0.42,1.7,0.394,0.5,2.5,0.796,3.8,3.5,1.5,0.7,2.4,12.9
40,bealbr01,2017,SG,24,WAS,82,36.3,8.3,0.46,2.4,0.375,0.527,3.6,0.791,4.4,4.5,1.2,0.4,2.6,22.6
41,beaslma01,2017,SG,21,DEN,62,9.4,1.2,0.41,0.5,0.341,0.489,0.4,0.667,1.1,0.5,0.2,0.1,0.4,3.2
42,beaslmi01,2017,PF,29,NYK,74,22.3,5.5,0.507,0.5,0.395,0.528,1.7,0.78,5.6,1.7,0.5,0.6,1.9,13.2
43,belinma01,2017,SG,31,TOT,80,24.3,4.2,0.441,1.9,0.377,0.539,1.9,0.908,1.9,1.9,0.8,0.2,1.2,12.1
46,belljo01,2017,C,23,GSW,57,14.2,2.0,0.627,0.0,0.0,0.627,0.5,0.682,3.6,1.8,0.6,1.0,0.9,4.6
47,bembrde01,2017,SF,23,ATL,26,17.5,2.0,0.414,0.4,0.367,0.457,0.7,0.576,2.8,1.9,0.8,0.5,1.8,5.2
48,bendedr01,2017,PF,20,PHO,82,25.2,2.3,0.386,1.4,0.366,0.508,0.5,0.765,4.4,1.6,0.3,0.6,1.4,6.5
49,bertada01,2017,PF,25,SAS,77,14.1,2.1,0.44,1.2,0.373,0.568,0.5,0.816,2.0,1.0,0.3,0.4,0.5,5.9
50,beverpa01,2017,SG,29,LAC,11,30.4,4.4,0.403,2.2,0.4,0.504,1.3,0.824,4.1,2.9,1.7,0.5,2.3,12.2
51,birchkh01,2017,C,25,ORL,42,13.8,1.6,0.54,0.0,0.0,0.54,1.0,0.689,4.3,0.8,0.4,0.5,0.5,4.2
52,birdja01,2017,SG,23,BOS,13,8.8,1.2,0.577,0.2,0.429,0.635,0.5,0.462,1.5,0.6,0.2,0.1,0.6,3.0
53,biyombi01,2017,C,25,ORL,82,18.2,2.2,0.52,0.0,0.0,0.52,1.2,0.65,5.7,0.8,0.3,1.2,1.0,5.7
54,bjeline01,2017,PF,29,MIN,67,20.5,2.6,0.461,1.1,0.415,0.563,0.5,0.8,4.1,1.3,0.7,0.2,0.8,6.8
55,blackta01,2017,C,26,HOU,51,10.5,1.5,0.591,0.0,0.091,0.594,0.6,0.46,3.2,0.3,0.4,0.6,0.7,3.5
56,blakean01,2017,SG,21,CHI,19,16.5,2.8,0.371,0.8,0.288,0.423,1.6,0.769,1.7,1.1,0.4,0.1,0.6,7.9
57,bledser01,2017,PG,28,TOT,74,31.4,6.3,0.473,1.7,0.347,0.536,3.4,0.795,3.8,5.0,2.0,0.6,2.9,17.7
60,blueva01,2017,SG,25,LAL,5,9.0,0.2,0.2,0.0,0.0,0.2,0.2,0.5,0.2,0.6,0.2,0.0,0.6,0.6
61,bogdabo01,2017,SG,25,SAC,78,27.9,4.4,0.446,1.7,0.392,0.529,1.3,0.84,2.9,3.3,0.9,0.2,1.6,11.8
62,bogdabo02,2017,SF,28,IND,80,30.8,5.1,0.474,1.9,0.402,0.565,2.2,0.868,3.4,1.5,0.7,0.1,1.3,14.3
63,bogutan01,2017,C,33,LAL,24,9.0,0.7,0.68,0.0,0.0,0.68,0.1,1.0,3.3,0.6,0.2,0.5,0.8,1.5
64,bolomjo01,2017,PF,24,MIL,6,6.3,0.5,0.5,0.0,0.0,0.5,0.5,0.5,1.7,0.0,0.3,0.0,0.3,1.5
65,bookede01,2017,SG,21,PHO,54,34.5,8.4,0.432,2.7,0.383,0.501,5.4,0.878,4.5,4.7,0.9,0.3,3.6,24.9
66,booketr01,2017,PF,30,TOT,68,17.0,2.6,0.516,0.1,0.242,0.528,1.0,0.71,4.7,1.2,0.4,0.3,0.9,6.3
70,bouchch01,2017,PF,25,GSW,1,1.0,0.0,0.0,0.0,0.0,0.0,0.0,0.0,1.0,0.0,0.0,0.0,0.0,0.0
71,bradlav01,2017,SG,27,TOT,46,31.2,5.6,0.414,1.6,0.369,0.474,1.4,0.768,2.5,2.0,1.1,0.2,2.2,14.3
74,bradlto01,2017,C,20,UTA,9,3.2,0.3,0.273,0.0,0.0,0.273,0.2,1.0,1.2,0.1,0.0,0.0,0.0,0.9
75,breweco01,2017,SF-SG,31,TOT,72,16.8,2.0,0.449,0.4,0.282,0.498,0.9,0.722,2.1,0.9,1.1,0.2,0.7,5.3
78,brogdma01,2017,PG,25,MIL,48,29.9,5.1,0.485,1.3,0.385,0.547,1.6,0.882,3.3,3.2,0.9,0.3,1.4,13.0
79,brookaa01,2017,PG,33,MIN,32,5.9,0.9,0.406,0.3,0.355,0.486,0.3,0.727,0.5,0.6,0.2,0.0,0.3,2.3
80,brookdi01,2017,SF,22,MEM,82,28.7,4.1,0.44,1.1,0.356,0.501,1.5,0.747,3.1,1.6,0.9,0.2,1.5,11.0
81,brookma01,2017,SG,29,MEM,7,27.6,7.3,0.5,2.7,0.594,0.593,2.9,0.87,3.0,3.6,1.6,0.4,2.3,20.1
82,brownan02,2017,SF,25,MIN,1,4.0,1.0,1.0,1.0,1.0,1.5,0.0,0.0,0.0,1.0,0.0,0.0,0.0,3.0
83,brownbo02,2017,PG,33,HOU,20,5.8,1.0,0.328,0.6,0.275,0.422,0.1,0.5,0.4,0.6,0.2,0.0,0.5,2.5
84,brownja02,2017,SG,21,BOS,70,30.7,5.3,0.465,1.7,0.395,0.54,2.1,0.644,4.9,1.6,1.0,0.4,1.8,14.5
85,brownlo01,2017,PG,27,TOR,14,9.9,1.0,0.412,0.1,0.167,0.441,0.1,1.0,1.1,0.9,0.4,0.0,0.2,2.3
86,brownma02,2017,SG,26,HOU,4,7.8,0.5,0.286,0.3,0.2,0.357,0.0,0.0,1.3,0.5,0.0,0.0,0.5,1.3
87,brownst02,2017,SG,22,MIL,54,14.4,1.5,0.4,0.6,0.352,0.478,0.4,0.875,2.6,0.5,0.6,0.2,0.5,4.0
88,brussni01,2017,SF,24,ATL,4,2.5,0.0,0.0,0.0,0.0,0.0,0.0,0.0,0.8,0.0,0.0,0.0,0.0,0.0
89,bryanth01,2017,C,20,LAL,15,4.8,0.5,0.381,0.1,0.1,0.405,0.3,0.556,1.1,0.4,0.1,0.1,0.1,1.5
90,bullore01,2017,SF,26,DET,62,27.9,4.3,0.489,2.0,0.445,0.603,0.6,0.796,2.5,1.5,0.8,0.2,0.8,11.3
91,burketr01,2017,PG,25,NYK,36,21.8,5.4,0.503,1.1,0.362,0.552,1.0,0.649,2.0,4.7,0.7,0.1,1.2,12.8
92,burksal01,2017,SG,26,UTA,64,16.5,2.7,0.411,0.7,0.331,0.467,1.7,0.863,3.0,1.0,0.6,0.1,0.9,7.7
93,butleji01,2017,SG,28,MIN,59,36.7,7.4,0.474,1.2,0.35,0.512,6.2,0.854,5.3,4.9,2.0,0.4,1.8,22.2
94,buyckdw01,2017,PG,28,DET,29,14.7,2.8,0.414,0.5,0.333,0.452,1.2,0.878,1.4,2.0,0.7,0.1,1.3,7.4
95,cabocbr01,2017,SF,22,TOT,12,8.9,0.8,0.29,0.3,0.176,0.339,0.4,0.833,1.8,0.3,0.3,0.3,0.3,2.2
98,caldejo01,2017,PG,36,CLE,57,16.0,1.6,0.503,0.8,0.464,0.624,0.4,0.8,1.5,2.1,0.5,0.0,0.7,4.5
99,caldwke01,2017,SG,24,LAL,74,33.2,4.6,0.426,2.1,0.383,0.526,2.1,0.789,5.2,2.2,1.4,0.2,1.3,13.4
100,canaais01,2017,PG-SG,26,TOT,20,21.1,2.6,0.38,1.1,0.333,0.46,2.3,0.902,2.3,3.8,0.8,0.1,1.5,8.6
103,capelca01,2017,C,23,HOU,74,27.5,6.0,0.652,0.0,0.0,0.652,1.9,0.56,10.8,0.9,0.8,1.9,1.4,13.9
104,carrode01,2017,PF,31,BRK,73,29.9,4.5,0.414,2.0,0.371,0.506,2.6,0.764,6.6,2.0,0.8,0.4,1.4,13.5
105,cartevi01,2017,SF,41,SAC,58,17.7,2.0,0.403,1.0,0.345,0.504,0.5,0.757,2.6,1.2,0.7,0.4,0.6,5.4
106,cartemi01,2017,PG,26,CHO,52,16.1,1.5,0.332,0.3,0.237,0.362,1.4,0.82,2.7,2.2,0.8,0.4,1.0,4.6
107,carusal01,2017,PG,23,LAL,37,15.2,1.4,0.431,0.4,0.302,0.487,0.6,0.7,1.8,2.0,0.6,0.3,1.1,3.6
108,casspom01,2017,SF,29,GSW,53,14.0,2.3,0.58,0.2,0.455,0.604,0.9,0.725,3.8,1.0,0.3,0.4,0.7,5.7
109,caulewi01,2017,C,24,SAC,73,28.0,5.3,0.502,0.0,0.25,0.504,2.1,0.619,7.0,2.4,1.1,0.9,1.5,12.8
110,cavanty01,2017,PF,23,ATL,39,13.3,1.7,0.441,0.8,0.36,0.546,0.4,0.81,3.3,0.7,0.2,0.1,0.4,4.7
111,chalmma01,2017,PG,31,MEM,66,21.5,2.5,0.379,0.8,0.277,0.439,1.8,0.855,2.4,3.0,1.2,0.2,1.8,7.7
112,chandty01,2017,C,35,PHO,46,25.0,2.6,0.647,0.0,0.0,0.647,1.3,0.624,9.1,1.2,0.3,0.6,1.3,6.5
113,chandwi01,2017,SF,30,DEN,74,31.7,3.8,0.445,1.2,0.358,0.515,1.2,0.772,5.4,2.1,0.6,0.5,1.2,10.0
114,chrisma01,2017,PF,20,PHO,72,21.2,2.8,0.423,0.8,0.295,0.482,1.3,0.608,5.5,1.2,0.7,1.0,1.5,7.7
115,clarkia01,2017,SG,26,NOP,74,19.7,3.0,0.448,0.8,0.318,0.511,0.6,0.763,1.7,1.5,0.4,0.1,0.8,7.4
116,clarkjo01,2017,SG,25,TOT,81,23.3,5.3,0.451,1.4,0.352,0.509,1.9,0.8,2.7,2.7,0.7,0.1,1.6,13.9
119,clavegi01,2017,SG,24,DAL,7,9.1,0.9,0.333,0.9,0.4,0.5,0.3,1.0,1.0,0.4,0.3,0.0,0.3,2.9
120,clevean01,2017,SG,23,TOT,17,7.2,0.5,0.381,0.2,0.75,0.452,0.2,0.667,0.8,0.1,0.4,0.3,0.4,1.4
123,collijo01,2017,PF,20,ATL,74,24.1,4.2,0.576,0.2,0.34,0.591,1.8,0.715,7.3,1.3,0.6,1.1,1.4,10.5
124,colliza01,2017,C,20,POR,66,15.8,1.7,0.398,0.5,0.31,0.458,0.4,0.643,3.3,0.8,0.3,0.5,0.9,4.4
125,colliky01,2017,SF,26,DAL,32,15.0,1.2,0.384,0.1,0.235,0.404,0.7,0.525,3.3,1.8,0.5,0.3,0.8,3.2
126,collida01,2017,PG,30,IND,69,29.2,4.6,0.495,1.4,0.468,0.571,1.8,0.882,2.6,5.3,1.3,0.2,1.2,12.4
127,collini01,2017,PF,37,OKC,15,5.0,0.9,0.684,0.0,0.0,0.684,0.3,0.385,1.3,0.3,0.0,0.0,0.5,2.1
128,conlemi01,2017,PG,30,MEM,12,31.1,5.3,0.381,2.0,0.312,0.452,4.4,0.803,2.3,4.1,1.0,0.3,1.5,17.1
129,connapa01,2017,SG,25,POR,82,18.1,2.0,0.423,0.9,0.352,0.518,0.5,0.841,2.0,1.1,0.3,0.3,0.5,5.4
130,cookqu01,2017,PG,24,GSW,33,22.4,3.7,0.484,1.4,0.442,0.575,0.7,0.88,2.5,2.7,0.4,0.0,1.0,9.5
131,cookech01,2017,SG,23,NOP,13,2.9,0.2,0.143,0.1,0.125,0.179,0.1,0.5,0.2,0.1,0.1,0.0,0.1,0.5
132,cooleja01,2017,PF,26,SAC,7,12.4,1.9,0.481,0.0,0.0,0.481,2.0,0.737,4.3,0.9,0.1,0.0,0.4,5.7
133,costema01,2017,C,24,SAS,4,8.0,0.5,0.5,0.0,0.0,0.5,0.0,0.0,2.3,0.5,0.5,0.5,0.3,1.0
134,couside01,2017,C,27,NOP,48,36.2,8.5,0.47,2.2,0.354,0.53,6.1,0.746,12.9,5.4,1.6,1.6,5.0,25.2
135,covinro01,2017,SF,27,PHI,80,31.7,4.3,0.413,2.5,0.369,0.534,1.5,0.853,5.4,2.0,1.7,0.9,1.6,12.6
136,crabbal01,2017,SG,25,BRK,75,29.3,4.5,0.407,2.7,0.378,0.529,1.5,0.852,4.3,1.6,0.6,0.5,1.0,13.2
137,craigto01,2017,SF,27,DEN,39,16.1,1.6,0.453,0.4,0.293,0.515,0.6,0.629,3.3,0.6,0.3,0.4,0.5,4.2
138,crawfja01,2017,SG,37,MIN,80,20.7,3.9,0.415,1.3,0.331,0.485,1.3,0.903,1.2,2.3,0.5,0.1,1.2,10.3
139,crawfjo02,2017,SG,29,NOP,5,10.6,2.4,0.444,1.6,0.571,0.593,0.2,1.0,0.8,2.6,0.2,0.2,1.0,6.6
140,crowdja01,2017,SF,27,TOT,80,26.1,3.4,0.404,1.4,0.323,0.486,1.5,0.818,3.4,1.2,0.8,0.3,0.9,9.7
143,cunnida01,2017,SF,30,TOT,73,21.4,2.2,0.451,0.8,0.345,0.53,0.4,0.596,4.1,0.7,0.5,0.4,0.5,5.7
146,curryst01,2017,PG,29,GSW,51,32.0,8.4,0.495,4.2,0.423,0.618,5.5,0.921,5.1,6.1,1.6,0.2,3.0,26.4
147,danietr01,2017,SG,26,PHO,79,20.5,2.9,0.403,2.3,0.4,0.563,0.7,0.875,1.6,0.6,0.3,0.1,0.7,8.9
148,davisan02,2017,PF,24,NOP,75,36.4,10.4,0.534,0.7,0.34,0.552,6.6,0.828,11.1,2.3,1.5,2.6,2.2,28.1
149,davisde01,2017,C,21,MEM,62,15.2,2.6,0.608,0.0,0.0,0.608,0.6,0.667,4.0,0.6,0.2,0.6,0.5,5.8
150,davised01,2017,C,28,POR,78,18.9,2.2,0.582,0.0,0.0,0.582,0.9,0.667,7.4,0.5,0.4,0.7,0.8,5.3
151,dedmode01,2017,C,28,ATL,62,24.9,4.0,0.524,0.8,0.355,0.577,1.1,0.779,7.9,1.5,0.6,0.8,1.4,10.0
152,dekkesa01,2017,PF,23,LAC,73,12.1,1.8,0.494,0.1,0.167,0.514,0.5,0.661,2.4,0.5,0.3,0.1,0.5,4.2
153,delanma01,2017,PG,28,ATL,54,18.8,2.0,0.382,0.9,0.371,0.463,1.4,0.804,1.9,3.0,0.6,0.1,1.2,6.3
154,dellama01,2017,PG,27,MIL,38,18.7,1.4,0.362,0.8,0.372,0.457,0.7,0.926,1.7,3.8,0.4,0.0,1.3,4.3
155,denglu01,2017,SF,32,LAL,1,13.0,1.0,0.5,0.0,0.0,0.5,0.0,0.0,0.0,1.0,1.0,0.0,1.0,2.0
156,derozde01,2017,SG,28,TOR,80,33.9,8.1,0.456,1.1,0.31,0.488,5.8,0.825,3.9,5.2,1.1,0.3,2.2,23.0
157,diallch01,2017,PF,21,NOP,52,11.2,2.0,0.58,0.0,0.0,0.58,1.0,0.758,4.1,0.4,0.2,0.4,0.5,4.9
158,dienggo01,2017,C,28,MIN,79,16.9,2.4,0.479,0.2,0.311,0.504,1.0,0.775,4.6,0.9,0.6,0.5,0.7,5.9
159,dinwisp01,2017,PG,24,BRK,80,28.8,4.1,0.387,1.8,0.326,0.471,2.7,0.813,3.2,6.6,0.9,0.3,1.6,12.6
160,dorsety01,2017,SG,21,ATL,56,17.4,2.6,0.377,1.3,0.362,0.471,0.8,0.714,2.3,1.4,0.3,0.1,0.7,7.2
161,dotsoda01,2017,SG,23,NYK,44,10.8,1.6,0.447,0.5,0.324,0.516,0.4,0.696,1.9,0.7,0.3,0.0,0.4,4.1
162,doylemi01,2017,SG,24,BRK,10,12.5,1.3,0.277,0.4,0.174,0.319,0.4,0.5,1.8,1.0,0.6,0.2,0.2,3.4
163,doziepj01,2017,PG,21,OKC,2,1.5,0.5,0.5,0.0,0.0,0.5,0.0,0.0,0.5,0.0,0.0,0.0,0.5,1.0
164,dragigo01,2017,PG,31,MIA,75,31.7,6.5,0.45,1.5,0.37,0.502,2.9,0.801,4.1,4.8,0.8,0.2,2.2,17.3
165,drewla02,2017,PG,27,TOT,10,7.0,0.7,0.292,0.3,0.333,0.354,0.0,0.0,0.3,1.0,0.0,0.0,0.3,1.7
168,drumman01,2017,C,24,DET,78,33.7,6.0,0.529,0.0,0.0,0.529,3.1,0.605,16.0,3.0,1.5,1.6,2.6,15.0
169,dudleja01,2017,PF,32,PHO,48,14.3,1.0,0.393,0.6,0.363,0.512,0.6,0.771,2.0,1.6,0.5,0.2,0.6,3.2
170,dunnkr01,2017,PG,23,CHI,52,29.3,5.5,0.429,0.8,0.321,0.462,1.6,0.737,4.3,6.0,2.0,0.5,2.9,13.4
171,duranke01,2017,SF,29,GSW,68,34.2,9.3,0.516,2.5,0.419,0.586,5.3,0.889,6.8,5.4,0.7,1.8,3.0,26.4
172,eddieja01,2017,SF,26,TOT,3,3.0,0.0,0.0,0.0,0.0,0.0,0.0,0.0,0.3,0.0,0.3,0.0,0.0,0.0
175,ellenhe01,2017,PF,21,DET,38,8.7,1.4,0.363,0.5,0.333,0.432,0.7,0.862,2.1,0.5,0.1,0.0,0.5,4.0
176,ellinwa01,2017,SG,30,MIA,77,26.5,3.7,0.407,2.9,0.392,0.569,0.9,0.859,2.8,1.0,0.7,0.1,0.7,11.2
177,embiijo01,2017,C,23,PHI,63,30.3,8.1,0.483,1.0,0.308,0.514,5.7,0.769,11.0,3.2,0.6,1.8,3.7,22.9
178,ennisja01,2017,SF,27,TOT,72,22.3,2.5,0.474,0.7,0.333,0.54,1.3,0.836,3.1,1.0,0.7,0.3,0.8,7.1
181,ennisty01,2017,PG,23,LAL,54,12.6,1.7,0.42,0.3,0.25,0.451,0.4,0.759,1.8,1.9,0.6,0.2,0.7,4.1
182,evansja01,2017,PG,21,LAC,48,16.2,1.9,0.352,0.3,0.278,0.381,0.8,0.776,1.8,2.1,0.8,0.1,0.9,4.8
183,evansje01,2017,SF,30,ATL,1,5.0,1.0,1.0,0.0,0.0,1.0,0.0,0.0,1.0,0.0,0.0,0.0,1.0,2.0
184,evansty01,2017,PG,28,MEM,52,30.9,7.0,0.452,2.2,0.399,0.523,3.2,0.785,5.1,5.2,1.1,0.3,2.3,19.4
185,exumda01,2017,PG,22,UTA,14,16.8,3.0,0.483,0.4,0.278,0.511,1.8,0.806,1.9,3.1,0.6,0.2,1.4,8.1
186,farieke01,2017,PF,28,DEN,32,14.4,2.4,0.514,0.0,0.0,0.514,1.1,0.706,4.8,0.6,0.4,0.4,0.7,5.9
187,favorde01,2017,C,26,UTA,77,28.0,5.1,0.563,0.2,0.222,0.573,1.8,0.651,7.2,1.3,0.7,1.1,1.1,12.3
188,feldeka01,2017,PG,22,TOT,16,8.8,1.3,0.3,0.3,0.211,0.329,0.7,0.917,1.1,1.3,0.2,0.1,1.0,3.6
191,feliccr01,2017,C,25,CHI,55,17.8,2.3,0.591,0.0,0.0,0.591,1.0,0.667,4.2,1.0,0.3,0.2,1.0,5.6
192,feltora01,2017,PG,33,OKC,82,16.6,2.7,0.406,1.0,0.352,0.479,0.4,0.818,1.9,2.5,0.6,0.2,0.9,6.9
193,fergute01,2017,SG,19,OKC,61,12.5,1.1,0.414,0.7,0.333,0.533,0.1,0.9,0.8,0.3,0.4,0.2,0.2,3.1
194,ferreyo01,2017,SG,24,DAL,82,27.8,3.8,0.426,1.6,0.373,0.518,1.0,0.796,3.0,2.5,0.8,0.1,1.0,10.2
195,finnedo01,2017,PF,24,DAL,21,21.3,2.2,0.38,1.0,0.299,0.463,0.5,0.733,3.6,1.2,0.5,0.2,1.0,5.9
196,forbebr01,2017,SG,24,SAS,80,19.0,2.6,0.421,1.1,0.39,0.51,0.6,0.667,1.4,1.0,0.4,0.0,0.5,6.9
197,fournev01,2017,SF,25,ORL,57,32.2,6.5,0.459,2.2,0.379,0.538,2.6,0.867,3.2,2.9,0.8,0.3,1.7,17.8
198,foxde01,2017,PG,20,SAC,73,27.8,4.5,0.412,0.6,0.307,0.441,1.9,0.723,2.8,4.4,1.0,0.3,2.4,11.6
199,fraziti01,2017,PG,27,WAS,59,14.2,1.2,0.395,0.3,0.304,0.445,0.4,0.767,1.9,3.3,0.8,0.1,1.0,3.0
200,fryech01,2017,C,34,TOT,53,13.1,2.0,0.491,0.7,0.339,0.583,0.3,0.895,2.5,0.7,0.3,0.2,0.4,5.0
203,fultzma01,2017,SG,19,PHI,14,18.1,3.2,0.405,0.0,0.0,0.405,0.7,0.476,3.1,3.8,0.9,0.3,1.2,7.1
204,gallida01,2017,SF,29,LAC,21,32.0,4.9,0.398,1.7,0.324,0.469,3.9,0.931,4.8,2.0,0.6,0.5,1.2,15.3
205,gallola01,2017,SG,26,DET,58,14.9,2.2,0.371,1.3,0.344,0.481,0.6,0.805,1.6,1.0,0.6,0.1,0.3,6.2
206,gasolma01,2017,C,33,MEM,73,33.0,5.9,0.42,1.5,0.341,0.473,3.8,0.834,8.1,4.2,0.7,1.4,2.7,17.2
207,gasolpa01,2017,C,37,SAS,77,23.5,3.7,0.458,0.6,0.358,0.492,2.1,0.756,8.0,3.1,0.3,1.0,1.4,10.1
208,gayru01,2017,PF,31,SAS,57,21.6,4.4,0.471,0.6,0.314,0.506,2.0,0.772,5.1,1.3,0.8,0.7,1.4,11.5
209,georgpa01,2017,SF,27,OKC,79,36.6,7.3,0.43,3.1,0.401,0.521,4.3,0.822,5.7,3.3,2.0,0.5,2.7,21.9
210,georgma01,2017,SG,23,MIN,42,5.3,0.5,0.438,0.1,0.267,0.479,0.3,0.619,0.4,0.2,0.1,0.0,0.1,1.4
211,gibsojo01,2017,PG,30,BOS,4,10.0,3.5,0.609,1.5,0.5,0.739,0.0,0.0,0.8,1.0,0.0,0.0,0.8,8.5
212,gibsota01,2017,PF,32,MIN,82,33.2,5.2,0.577,0.1,0.2,0.581,1.7,0.768,7.1,1.2,0.8,0.7,1.1,12.2
213,ginobma01,2017,SG,40,SAS,65,20.0,3.1,0.434,1.0,0.333,0.503,1.7,0.84,2.2,2.5,0.7,0.2,1.6,8.9
214,goberru01,2017,C,25,UTA,56,32.4,4.9,0.622,0.0,0.0,0.622,3.6,0.682,10.7,1.4,0.8,2.3,1.9,13.5
215,gordoaa01,2017,PF,22,ORL,58,32.9,6.5,0.434,2.0,0.336,0.5,2.7,0.698,7.9,2.3,1.0,0.8,1.8,17.6
216,gordoer01,2017,SG,29,HOU,69,31.2,6.0,0.428,3.2,0.359,0.54,2.8,0.809,2.5,2.2,0.6,0.4,1.9,18.0
217,gortama01,2017,C,33,WAS,82,25.3,3.5,0.518,0.0,0.0,0.518,1.3,0.675,7.6,1.8,0.5,0.7,1.2,8.4
218,grahatr01,2017,SG,24,CHO,63,16.7,1.5,0.434,0.6,0.412,0.525,0.7,0.695,1.9,0.9,0.5,0.0,0.4,4.3
219,grantje01,2017,PF,23,OKC,81,20.3,3.0,0.535,0.4,0.291,0.57,2.0,0.675,3.9,0.7,0.4,1.0,0.7,8.4
220,grantje02,2017,PG,25,CHI,74,22.8,2.8,0.416,0.8,0.326,0.476,1.9,0.745,2.3,4.6,0.9,0.1,1.2,8.4
221,grayjo01,2017,PG,24,PHO,5,17.2,2.2,0.268,0.6,0.231,0.305,1.4,0.636,2.0,2.4,1.6,0.4,1.4,6.4
222,greenda02,2017,SG,30,SAS,70,25.6,3.1,0.387,1.7,0.363,0.49,0.7,0.769,3.6,1.6,0.9,1.1,1.1,8.6
223,greendr01,2017,PF,27,GSW,70,32.7,4.0,0.454,1.1,0.301,0.516,1.9,0.775,7.6,7.3,1.4,1.3,2.9,11.0
224,greenge01,2017,SG,32,HOU,41,22.7,4.1,0.407,2.7,0.369,0.54,1.2,0.85,3.2,0.6,0.6,0.4,0.8,12.1
225,greenja01,2017,PF,27,MEM,55,28.0,4.1,0.457,0.8,0.339,0.501,1.5,0.721,8.4,1.4,0.6,0.5,1.4,10.3
226,greenje02,2017,PF,31,CLE,78,23.4,3.8,0.477,0.7,0.312,0.52,2.6,0.868,3.2,1.3,0.5,0.4,1.0,10.8
227,griffbl01,2017,PF,28,TOT,58,34.0,7.5,0.438,1.9,0.345,0.493,4.5,0.785,7.4,5.8,0.7,0.3,2.8,21.4
230,hamilda02,2017,SG,22,OKC,6,4.7,0.8,0.455,0.3,0.4,0.545,0.0,0.0,0.8,1.3,0.2,0.0,0.3,2.0
231,hardati02,2017,SG,25,NYK,57,33.1,6.3,0.421,2.3,0.317,0.496,2.6,0.816,3.9,2.7,1.1,0.2,1.6,17.5
232,hardeja01,2017,SG,28,HOU,72,35.4,9.0,0.449,3.7,0.367,0.541,8.7,0.858,5.4,8.8,1.8,0.7,4.4,30.4
233,harklma01,2017,SF,24,POR,59,21.4,2.5,0.495,0.8,0.415,0.577,0.7,0.712,2.7,0.9,0.8,0.7,0.7,6.5
234,harremo01,2017,C,24,LAC,76,17.0,4.6,0.635,0.0,0.143,0.636,1.8,0.626,4.0,1.0,0.5,0.7,0.9,11.0
235,harride01,2017,PG,34,TOT,71,18.9,2.6,0.412,1.1,0.348,0.499,2.0,0.835,1.8,2.1,0.7,0.2,1.1,8.4
238,harriga01,2017,SG,23,DEN,67,34.4,6.6,0.485,2.3,0.396,0.57,2.0,0.827,2.6,2.9,1.8,0.2,1.8,17.5
239,harrijo01,2017,SG,26,BRK,78,25.3,3.9,0.491,1.9,0.419,0.612,1.1,0.827,3.3,1.6,0.4,0.3,1.2,10.8
240,harrito02,2017,PF,25,TOT,80,33.4,7.0,0.46,2.3,0.411,0.535,2.2,0.829,5.5,2.4,0.9,0.4,1.3,18.6
243,harriaa01,2017,SG,23,DAL,9,25.9,2.1,0.275,1.0,0.209,0.341,1.4,0.765,2.7,1.2,1.0,0.2,0.3,6.7
244,harrian01,2017,PG,23,MEM,56,23.7,3.2,0.422,0.8,0.331,0.477,2.2,0.78,2.3,3.2,0.7,0.5,1.4,9.5
245,harrish01,2017,PG,24,PHO,23,16.7,2.6,0.476,0.3,0.231,0.5,1.2,0.737,2.7,2.4,1.1,0.3,1.0,6.6
246,hartjo01,2017,SG,22,LAL,63,23.2,2.8,0.469,1.2,0.396,0.573,1.0,0.702,4.2,1.3,0.7,0.3,0.7,7.9
247,hasleud01,2017,C,37,MIA,14,5.1,0.2,0.2,0.1,0.125,0.233,0.1,0.5,0.7,0.4,0.0,0.1,0.1,0.6
248,hayesni01,2017,SF,23,TOT,9,13.6,1.2,0.333,0.4,0.25,0.394,0.1,0.333,2.4,0.7,0.2,0.3,0.2,3.0
252,haywago01,2017,SF,27,BOS,1,5.0,1.0,0.5,0.0,0.0,0.5,0.0,0.0,1.0,0.0,0.0,0.0,0.0,2.0
253,hearnre01,2017,SG,26,DET,3,2.3,0.3,0.5,0.3,0.5,0.75,0.0,0.0,0.0,0.0,0.0,0.0,0.0,1.0
254,henrymy01,2017,SF,25,MEM,20,18.9,2.1,0.376,1.0,0.328,0.463,0.3,0.6,1.9,1.1,1.6,0.3,1.0,5.4
255,hensojo01,2017,C,27,MIL,76,25.9,3.8,0.572,0.0,0.143,0.573,1.2,0.57,6.8,1.5,0.6,1.4,1.1,8.8
256,hernaju01,2017,PF,22,DEN,25,11.1,1.2,0.387,0.6,0.28,0.48,0.4,0.833,2.2,0.5,0.2,0.1,0.4,3.3
257,hernawi01,2017,C,23,TOT,48,10.3,1.9,0.555,0.1,0.417,0.57,1.2,0.656,3.8,0.7,0.4,0.3,0.7,5.1
260,hezonma01,2017,SF,22,ORL,75,22.1,3.6,0.442,1.2,0.337,0.515,1.1,0.819,3.7,1.4,1.1,0.4,1.1,9.6
261,hicksis01,2017,PF,23,NYK,18,13.3,1.8,0.458,0.1,0.222,0.472,0.7,0.667,2.3,0.9,0.1,0.2,0.9,4.4
262,hieldbu01,2017,SG,25,SAC,80,25.3,5.2,0.446,2.2,0.431,0.54,0.9,0.877,3.8,1.9,1.1,0.3,1.6,13.5
263,hilarne01,2017,C,35,HOU,52,14.6,2.6,0.569,0.0,0.0,0.569,1.3,0.636,3.4,0.9,0.5,0.3,0.7,6.5
264,hillge01,2017,PG,31,TOT,67,27.0,3.5,0.46,1.3,0.415,0.543,1.6,0.786,2.7,2.8,0.9,0.4,1.3,10.0
267,hillso01,2017,SF,26,NOP,12,15.6,0.9,0.268,0.3,0.19,0.317,0.3,0.5,3.0,1.8,0.6,0.1,0.8,2.4
268,hillida01,2017,SG,24,SAS,14,6.8,0.4,0.263,0.0,0.0,0.263,0.4,0.857,0.5,0.8,0.1,0.0,0.3,1.1
269,holidjr01,2017,SG,27,NOP,81,36.1,7.6,0.494,1.5,0.337,0.543,2.3,0.786,4.5,6.0,1.5,0.8,2.6,19.0
270,holidju01,2017,SG,28,CHI,72,31.5,4.0,0.371,2.2,0.359,0.474,1.9,0.823,4.0,2.1,1.1,0.4,1.3,12.2
271,hollajo02,2017,SF,29,CLE,24,7.3,0.7,0.288,0.5,0.306,0.381,0.4,0.692,1.0,0.2,0.3,0.1,0.3,2.3
272,holliro01,2017,SF,23,BRK,68,28.2,5.0,0.472,0.2,0.241,0.481,3.7,0.788,6.8,2.5,1.0,0.7,1.8,13.9
273,holmeri01,2017,C,24,PHI,48,15.5,2.8,0.56,0.1,0.129,0.568,0.8,0.661,4.4,1.3,0.4,0.6,0.5,6.5
274,hoodro01,2017,SG,25,TOT,60,26.9,5.4,0.429,2.1,0.381,0.513,1.9,0.86,2.8,1.6,0.8,0.2,1.2,14.7
277,hopsosc01,2017,SG,28,DAL,1,8.0,0.0,0.0,0.0,0.0,0.0,1.0,0.5,0.0,1.0,0.0,0.0,1.0,1.0
278,horfoal01,2017,C,31,BOS,72,31.6,5.1,0.489,1.3,0.429,0.553,1.3,0.783,7.4,4.7,0.6,1.1,1.8,12.9
279,houseda01,2017,SG,24,PHO,23,17.5,2.4,0.434,0.7,0.259,0.492,1.1,0.806,3.3,1.1,0.3,0.3,0.5,6.6
280,howardw01,2017,C,32,CHO,81,30.4,6.2,0.555,0.0,0.143,0.556,4.1,0.574,12.5,1.3,0.6,1.6,2.6,16.6
281,huestjo01,2017,PF,26,OKC,69,14.2,0.9,0.33,0.5,0.287,0.42,0.1,0.3,2.3,0.3,0.2,0.6,0.4,2.3
282,hunterj01,2017,SG,24,HOU,5,9.0,1.4,0.35,0.6,0.214,0.425,0.4,1.0,1.0,0.6,0.6,0.0,0.4,3.8
283,huntevi01,2017,PF,23,MEM,4,1.8,0.8,0.6,0.0,0.0,0.6,0.0,0.0,0.8,0.0,0.0,0.3,0.3,1.5
284,ibakase01,2017,PF,28,TOR,76,27.5,5.0,0.483,1.4,0.36,0.552,1.2,0.797,6.3,0.8,0.4,1.3,1.2,12.6
285,iguodan01,2017,SF,34,GSW,64,25.3,2.3,0.463,0.5,0.282,0.514,0.9,0.632,3.8,3.3,0.8,0.6,1.0,6.0
286,ilyaser01,2017,PF,30,TOT,69,25.1,4.0,0.452,1.3,0.36,0.526,1.5,0.778,5.9,1.3,0.9,0.4,1.0,10.9
289,inglejo01,2017,SF,30,UTA,82,31.4,4.1,0.467,2.5,0.44,0.609,0.8,0.795,4.2,4.8,1.1,0.2,1.9,11.5
290,ingraan01,2017,SG,32,LAL,2,32.0,4.0,0.471,2.5,0.556,0.618,1.5,1.0,3.0,3.5,1.5,1.5,1.5,12.0
291,ingrabr01,2017,SF,20,LAL,59,33.5,6.1,0.47,0.7,0.39,0.497,3.3,0.681,5.3,3.9,0.8,0.7,2.5,16.1
292,irvinky01,2017,PG,25,BOS,60,32.2,8.9,0.491,2.8,0.408,0.568,3.9,0.889,3.8,5.1,1.1,0.3,2.3,24.4
293,isaacjo01,2017,PF,20,ORL,27,19.9,2.0,0.379,0.6,0.348,0.434,0.7,0.76,3.7,0.7,1.2,1.1,1.0,5.4
294,iwundwe01,2017,SF,23,ORL,62,16.5,1.5,0.427,0.1,0.196,0.447,0.5,0.723,2.2,0.9,0.5,0.2,0.5,3.7
295,jackja01,2017,PG,34,NYK,62,25.0,3.0,0.427,0.4,0.291,0.455,1.0,0.84,3.1,5.6,0.6,0.1,1.9,7.5
296,jacksaa01,2017,PG,31,HOU,1,35.0,3.0,0.333,1.0,0.25,0.389,1.0,0.5,3.0,1.0,0.0,0.0,1.0,8.0
297,jacksde01,2017,PG,23,TOT,15,5.3,0.5,0.389,0.1,0.143,0.417,0.1,0.5,0.8,0.6,0.3,0.1,0.7,1.1
300,jacksjo02,2017,SF,20,PHO,77,25.4,5.1,0.417,0.7,0.263,0.448,2.3,0.634,4.6,1.5,1.0,0.5,1.9,13.1
301,jacksju01,2017,SF,22,SAC,68,22.1,2.7,0.442,0.8,0.308,0.51,0.4,0.722,2.8,1.1,0.4,0.2,0.6,6.7
302,jacksre01,2017,PG,27,DET,45,26.7,5.5,0.426,1.2,0.308,0.471,2.5,0.836,2.8,5.3,0.6,0.1,2.2,14.6
303,jamesle01,2017,PF,33,CLE,82,36.9,10.5,0.542,1.8,0.367,0.59,4.7,0.731,8.6,9.1,1.4,0.9,4.2,27.5
304,jamesmi02,2017,PG,27,TOT,36,19.1,3.4,0.383,0.7,0.265,0.424,1.8,0.762,2.5,3.5,0.8,0.2,1.4,9.3
307,jeffeal01,2017,C,33,IND,36,13.4,3.1,0.534,0.0,0.0,0.534,0.8,0.833,4.0,0.8,0.4,0.6,0.6,7.0
308,jefferi01,2017,SF,37,DEN,20,8.2,0.6,0.444,0.1,0.286,0.481,0.2,0.571,0.9,0.8,0.1,0.1,0.3,1.5
309,jennibr01,2017,PG,28,MIL,14,14.6,1.9,0.375,0.6,0.273,0.438,0.7,1.0,2.2,3.1,0.4,0.3,1.3,5.2
310,jerebjo01,2017,PF,30,UTA,74,15.3,2.1,0.466,0.9,0.414,0.562,0.6,0.807,3.3,0.6,0.3,0.2,0.4,5.8
311,johnsam01,2017,C,30,PHI,74,15.8,1.9,0.538,0.1,0.313,0.558,0.7,0.612,4.5,1.6,0.6,0.6,0.7,4.6
312,johnsbr02,2017,PF,23,TOT,18,5.4,1.1,0.476,0.0,0.0,0.476,0.2,0.6,1.7,0.1,0.5,0.3,0.3,2.4
315,johnsda04,2017,C,22,OKC,31,5.2,0.7,0.564,0.0,0.0,0.564,0.4,0.55,1.1,0.3,0.2,0.3,0.1,1.8
316,johnsja01,2017,PF,30,MIA,73,26.6,4.2,0.503,0.8,0.308,0.55,1.5,0.698,4.9,3.8,1.0,0.7,1.9,10.8
317,johnsjo02,2017,SF,36,TOT,55,21.9,2.7,0.406,0.7,0.276,0.461,0.7,0.889,3.1,1.5,0.3,0.1,0.9,6.8
320,johnsom01,2017,PF,28,MEM,4,18.8,2.3,0.429,1.0,0.333,0.524,0.0,0.0,2.8,1.8,0.5,0.0,0.8,5.5
321,johnsst04,2017,SF,21,DET,69,27.4,3.0,0.375,1.0,0.286,0.435,1.6,0.772,3.7,1.6,1.4,0.2,1.1,8.7
322,johnsty01,2017,PG,25,MIA,72,28.5,4.3,0.435,1.7,0.367,0.518,1.5,0.822,3.4,2.3,0.8,0.5,1.1,11.7
323,johnswe01,2017,SF,30,LAC,74,20.1,2.0,0.408,0.8,0.339,0.489,0.6,0.741,2.9,0.8,1.0,0.8,0.7,5.4
324,jokicni01,2017,C,22,DEN,75,32.6,6.7,0.499,1.5,0.396,0.554,3.5,0.85,10.7,6.1,1.2,0.8,2.8,18.5
325,jonesda03,2017,C,22,GSW,15,5.9,0.7,0.5,0.0,0.0,0.5,0.2,0.6,0.9,0.1,0.1,0.2,0.3,1.7
326,jonesde02,2017,SF,20,TOT,20,12.3,1.1,0.396,0.2,0.167,0.425,0.8,0.667,1.9,0.5,0.2,0.7,0.4,3.1
329,jonesja04,2017,SF,24,TOT,16,11.3,1.6,0.382,0.6,0.385,0.456,0.8,0.632,2.4,0.3,0.3,0.1,0.4,4.6
332,jonesty01,2017,PG,21,MIN,82,17.9,1.8,0.457,0.5,0.349,0.526,0.9,0.877,1.6,2.8,1.2,0.1,0.7,5.1
333,jordade01,2017,C,29,LAC,77,31.5,4.8,0.645,0.0,0.0,0.645,2.4,0.58,15.2,1.5,0.5,0.9,1.8,12.0
334,josepco01,2017,PG,26,IND,82,27.0,3.1,0.424,0.8,0.353,0.479,0.9,0.745,3.2,3.2,1.0,0.2,1.1,7.9
335,kaminfr01,2017,PF,24,CHO,79,23.2,3.9,0.429,1.3,0.38,0.501,2.0,0.799,3.6,1.6,0.5,0.2,0.8,11.1
336,kanteen01,2017,C,25,NYK,71,25.8,5.9,0.592,0.0,0.0,0.592,2.2,0.848,11.0,1.5,0.5,0.5,1.7,14.1
337,kennalu01,2017,SG,21,DET,73,20.0,2.8,0.443,1.1,0.415,0.53,0.9,0.855,2.4,1.7,0.6,0.2,0.9,7.6
338,kiddgmi01,2017,SF,24,CHO,74,25.0,3.8,0.504,0.0,0.0,0.504,1.6,0.684,4.1,1.0,0.7,0.4,0.7,9.2
339,kilpase01,2017,SG,28,TOT,52,12.3,2.1,0.374,0.9,0.319,0.452,1.2,0.889,1.7,0.9,0.3,0.1,0.7,6.3
344,klebima01,2017,PF,26,DAL,72,16.8,2.1,0.489,0.6,0.313,0.553,0.6,0.746,3.3,0.7,0.4,0.7,0.4,5.4
345,korkmfu01,2017,SG,20,PHI,14,5.7,0.6,0.286,0.4,0.294,0.375,0.1,0.5,0.8,0.3,0.1,0.1,0.1,1.6
346,kornelu01,2017,PF,22,NYK,20,16.3,2.5,0.392,1.4,0.354,0.504,0.4,0.727,3.2,1.3,0.3,0.8,0.6,6.7
347,korveky01,2017,SG,36,CLE,73,21.6,3.0,0.459,2.2,0.436,0.628,0.9,0.889,2.3,1.2,0.4,0.4,0.8,9.2
348,koufoko01,2017,C,28,SAC,71,19.6,3.1,0.571,0.0,0.0,0.571,0.5,0.446,6.6,1.2,0.7,0.5,0.7,6.7
349,kuzmaky01,2017,PF,22,LAL,77,31.2,6.1,0.45,2.1,0.366,0.527,1.9,0.707,6.3,1.8,0.6,0.4,1.8,16.1
350,kuzmimi01,2017,SF,28,NYK,1,2.0,0.0,0.0,0.0,0.0,0.0,0.0,0.0,0.0,0.0,0.0,0.0,0.0,0.0
351,labissk01,2017,PF,21,SAC,60,20.7,3.4,0.448,0.3,0.353,0.467,1.6,0.805,4.8,1.2,0.4,0.8,1.2,8.7
352,lambje01,2017,SG,25,CHO,80,24.6,4.8,0.457,1.2,0.37,0.513,2.2,0.861,4.1,2.3,0.8,0.4,1.2,12.9
353,larkish01,2017,PG,25,BOS,54,14.4,1.6,0.384,0.6,0.36,0.454,0.6,0.865,1.7,1.8,0.5,0.0,0.6,4.3
354,lauvejo01,2017,C,26,SAS,55,9.7,1.8,0.516,0.0,0.0,0.516,0.5,0.638,3.1,0.7,0.2,0.1,0.6,4.1
355,lavinza01,2017,SG,22,CHI,24,27.3,5.7,0.383,1.8,0.341,0.442,3.6,0.813,3.9,3.0,1.0,0.2,1.8,16.7
356,laymaja01,2017,SF,23,POR,35,4.6,0.4,0.298,0.1,0.2,0.34,0.1,0.667,0.5,0.3,0.2,0.1,0.1,1.0
357,leaftj01,2017,PF,20,IND,53,8.7,1.2,0.471,0.3,0.429,0.537,0.2,0.625,1.5,0.2,0.1,0.1,0.2,2.9
358,leeco01,2017,SG,32,NYK,76,30.4,4.5,0.454,1.5,0.406,0.529,1.5,0.919,2.9,2.4,1.1,0.2,1.1,12.0
359,leeda03,2017,SG,25,ATL,15,26.9,4.1,0.408,1.0,0.25,0.457,1.5,0.759,4.7,1.9,1.3,0.1,0.9,10.7
360,lemonwa01,2017,PG,25,NOP,5,7.0,1.4,0.438,0.2,1.0,0.469,0.4,0.667,0.4,1.0,0.0,0.2,0.8,3.4
361,lenal01,2017,C,24,PHO,69,20.2,3.1,0.566,0.0,0.333,0.567,2.3,0.684,7.5,1.2,0.4,0.9,1.1,8.5
362,leonaka01,2017,SF,26,SAS,9,23.3,5.8,0.468,1.2,0.314,0.518,3.4,0.816,4.7,2.3,2.0,1.0,1.8,16.2
363,leoname01,2017,C,25,POR,33,7.7,1.4,0.59,0.3,0.423,0.66,0.3,0.818,2.1,0.5,0.2,0.0,0.3,3.4
364,leuerjo01,2017,PF,28,DET,8,17.0,1.9,0.417,0.0,0.0,0.417,1.6,0.867,4.0,0.6,0.1,0.4,0.9,5.4
365,leverca01,2017,SF,23,BRK,71,26.3,4.5,0.435,1.2,0.347,0.493,1.9,0.711,3.7,4.2,1.2,0.3,2.2,12.1
366,liggide01,2017,SG,29,TOT,58,12.5,0.7,0.377,0.3,0.358,0.467,0.0,0.4,1.3,0.8,0.6,0.2,0.3,1.7
369,lillada01,2017,PG,27,POR,73,36.6,8.5,0.439,3.1,0.361,0.519,6.8,0.916,4.5,6.6,1.1,0.4,2.8,26.9
370,linje01,2017,PG,29,BRK,1,25.0,5.0,0.417,1.0,0.5,0.458,7.0,1.0,0.0,4.0,0.0,0.0,3.0,18.0
371,livinsh01,2017,PG,32,GSW,71,15.9,2.4,0.501,0.0,0.0,0.501,0.7,0.82,1.8,2.0,0.5,0.3,0.8,5.5
372,looneke01,2017,C,21,GSW,66,13.8,1.7,0.58,0.0,0.2,0.583,0.6,0.545,3.3,0.6,0.5,0.8,0.5,4.0
373,lopezbr01,2017,C,29,LAL,74,23.4,5.0,0.465,1.5,0.345,0.536,1.5,0.703,4.0,1.7,0.4,1.3,1.3,13.0
374,lopezro01,2017,C,29,CHI,64,26.4,5.3,0.53,0.1,0.286,0.533,1.1,0.756,4.5,1.9,0.2,0.8,1.7,11.8
375,loveke01,2017,C,29,CLE,59,28.0,5.7,0.458,2.3,0.415,0.552,4.0,0.88,9.3,1.7,0.7,0.4,1.5,17.6
376,lowryky01,2017,PG,31,TOR,78,32.2,5.2,0.427,3.1,0.399,0.553,2.9,0.854,5.6,6.9,1.1,0.2,2.3,16.2
377,luwawti01,2017,SF,22,PHI,52,15.5,1.9,0.375,1.0,0.335,0.474,0.9,0.793,1.4,1.0,0.2,0.1,0.7,5.8
378,lydonty01,2017,PF,21,DEN,1,2.0,0.0,0.0,0.0,0.0,0.0,0.0,0.0,0.0,0.0,0.0,0.0,0.0,0.0
379,lylestr01,2017,PF,22,DEN,73,19.1,3.7,0.491,1.1,0.381,0.566,1.4,0.706,4.8,1.2,0.4,0.5,0.8,9.9
380,macksh01,2017,PG,27,ORL,69,19.8,2.6,0.43,0.7,0.345,0.488,1.0,0.711,2.4,3.9,0.8,0.1,1.3,6.9
381,magetjo01,2017,PG,28,ATL,18,12.0,0.8,0.326,0.4,0.364,0.413,0.4,1.0,1.1,3.2,0.4,0.1,0.5,2.6
382,mahinia01,2017,C,31,WAS,77,14.9,1.8,0.556,0.0,0.0,0.556,1.2,0.703,4.1,0.7,0.5,0.5,1.3,4.8
383,makerth01,2017,C,20,MIL,74,16.7,1.8,0.411,0.4,0.298,0.46,0.9,0.699,3.0,0.6,0.5,0.7,0.6,4.8
384,marjabo01,2017,C,29,TOT,39,8.6,2.0,0.534,0.0,0.0,0.534,2.0,0.794,3.7,0.6,0.3,0.3,0.9,6.0
387,markkla01,2017,PF,20,CHI,68,29.7,5.5,0.434,2.1,0.362,0.518,2.1,0.843,7.5,1.2,0.6,0.6,1.2,15.2
388,martija01,2017,PF,23,MEM,73,22.8,3.0,0.446,0.5,0.347,0.48,1.2,0.767,4.4,1.0,0.5,0.7,1.2,7.7
389,masonfr01,2017,PG,23,SAC,52,18.9,2.8,0.379,0.6,0.36,0.42,1.8,0.817,2.5,2.8,0.7,0.2,1.3,7.9
390,mathima01,2017,C,25,CHO,4,5.0,1.0,0.571,0.0,0.0,0.571,0.0,0.0,2.5,0.0,0.3,0.0,0.0,2.0
391,matthwe02,2017,SF,31,DAL,63,33.8,4.5,0.406,2.4,0.381,0.516,1.3,0.822,3.1,2.7,1.2,0.3,1.3,12.7
392,mbahalu01,2017,PF,31,HOU,61,25.6,2.7,0.481,1.0,0.364,0.572,1.1,0.684,3.0,0.9,1.2,0.4,1.1,7.5
393,mcadoja01,2017,PF,25,PHI,3,6.0,0.7,0.286,0.7,0.286,0.429,0.7,1.0,0.7,0.0,0.0,0.3,0.3,2.7
394,mccawpa01,2017,SG,22,GSW,57,16.9,1.6,0.409,0.3,0.238,0.451,0.5,0.765,1.4,1.4,0.8,0.2,0.7,4.0
395,mccolcj01,2017,SG,26,POR,81,36.1,8.2,0.443,2.3,0.397,0.506,2.6,0.836,4.0,3.4,1.0,0.4,1.9,21.4
396,mccontj01,2017,PG,25,PHI,76,22.4,2.8,0.499,0.4,0.435,0.531,0.4,0.795,3.0,4.0,1.2,0.2,1.5,6.3
397,mccreer01,2017,SF,24,UTA,4,2.0,0.0,0.0,0.0,0.0,0.0,0.0,0.0,0.3,0.0,0.3,0.0,0.3,0.0
398,mcculch01,2017,PF,22,WAS,19,4.7,0.9,0.429,0.1,0.125,0.44,0.5,0.643,1.3,0.2,0.0,0.3,0.1,2.4
399,mcderdo01,2017,SF,26,TOT,81,21.8,2.9,0.467,1.1,0.426,0.557,0.8,0.79,2.5,1.0,0.2,0.2,0.7,7.8
402,mcgeeja01,2017,C,30,GSW,65,9.5,2.1,0.621,0.0,0.0,0.621,0.6,0.731,2.6,0.5,0.3,0.9,0.4,4.8
403,mcgruro01,2017,SG,26,MIA,18,16.6,2.0,0.493,0.8,0.429,0.596,0.2,0.5,1.8,0.9,0.4,0.2,0.2,5.1
404,mckintr01,2017,SG,27,IND,1,1.0,0.0,0.0,0.0,0.0,0.0,0.0,0.0,0.0,0.0,0.0,0.0,0.0,0.0
405,mckinal01,2017,SF,25,TOR,14,3.8,0.6,0.533,0.2,0.333,0.633,0.1,0.667,0.5,0.1,0.1,0.1,0.2,1.5
406,mclembe01,2017,SG,24,MEM,56,19.5,2.8,0.421,1.0,0.346,0.495,0.9,0.828,2.5,0.9,0.7,0.3,1.1,7.5
407,mcrobjo01,2017,PF,30,DAL,2,3.0,0.0,0.0,0.0,0.0,0.0,0.0,0.0,0.0,0.0,0.0,0.0,0.0,0.0
408,meeksjo01,2017,SG,30,WAS,77,14.5,2.0,0.399,0.9,0.343,0.491,1.3,0.863,1.6,0.9,0.4,0.1,0.5,6.3
409,mejrisa01,2017,C,31,DAL,61,12.0,1.4,0.642,0.0,0.0,0.642,0.6,0.576,4.0,0.6,0.4,1.1,0.6,3.5
410,mickejo01,2017,PF,23,MIA,23,12.3,1.7,0.476,0.1,0.125,0.488,0.6,0.684,3.5,0.4,0.3,0.4,0.8,4.0
411,middlkh01,2017,SF,26,MIL,82,36.4,7.2,0.466,1.8,0.359,0.524,3.9,0.884,5.2,4.0,1.5,0.3,2.3,20.1
412,milescj01,2017,SF,30,TOR,70,19.1,3.2,0.379,2.3,0.361,0.516,1.2,0.835,2.2,0.8,0.5,0.3,0.6,10.0
413,milleda01,2017,SF,27,NOP,82,23.7,2.6,0.444,1.8,0.411,0.594,0.7,0.866,2.0,1.4,0.3,0.2,0.7,7.8
414,millema01,2017,SF,24,TOR,15,8.4,0.9,0.464,0.5,0.381,0.607,0.3,1.0,1.0,0.2,0.1,0.1,0.3,2.5
415,millspa02,2017,PG,29,SAS,82,25.7,3.4,0.411,1.9,0.372,0.523,1.3,0.89,1.9,2.8,0.7,0.1,1.3,10.0
416,millspa01,2017,PF,32,DEN,38,30.1,5.3,0.464,1.0,0.345,0.509,2.9,0.696,6.4,2.8,1.0,1.2,1.9,14.6
417,mirotni01,2017,PF,26,TOT,55,27.2,5.6,0.447,2.5,0.377,0.546,2.0,0.818,7.4,1.5,0.8,0.7,1.1,15.6
420,mitchdo01,2017,SG,21,UTA,79,33.4,7.5,0.437,2.4,0.34,0.506,3.0,0.805,3.7,3.7,1.5,0.3,2.7,20.5
421,mitrona01,2017,SG,24,UTA,1,1.0,1.0,1.0,1.0,1.0,1.5,0.0,0.0,0.0,0.0,0.0,0.0,0.0,3.0
422,monkma01,2017,SG,19,CHO,63,13.6,2.4,0.36,1.3,0.342,0.458,0.5,0.842,1.0,1.4,0.3,0.1,0.8,6.7
423,monrogr01,2017,C,27,TOT,51,20.4,4.3,0.565,0.0,0.0,0.565,1.7,0.739,6.9,2.2,0.9,0.5,1.8,10.3
427,montelu01,2017,SG,24,DET,2,4.0,0.0,0.0,0.0,0.0,0.0,0.0,0.0,1.0,0.0,0.0,0.0,1.0,0.0
428,moorebe01,2017,PF,22,IND,2,4.5,0.0,0.0,0.0,0.0,0.0,0.0,0.0,0.5,0.5,0.0,0.0,0.0,0.0
429,mooreet01,2017,SG,28,NOP,82,31.5,5.2,0.508,1.6,0.425,0.585,0.6,0.706,2.9,2.3,1.0,0.1,1.2,12.5
430,moreler01,2017,PF,26,DET,67,12.0,1.0,0.541,0.0,0.0,0.541,0.2,0.379,4.1,1.2,0.5,0.8,0.6,2.1
431,morrija01,2017,SG,22,ATL,6,16.3,2.2,0.406,0.3,0.2,0.438,0.0,0.0,2.7,1.2,0.3,0.2,1.0,4.7
432,morrima03,2017,PF,28,BOS,54,26.8,4.9,0.429,1.6,0.368,0.499,2.3,0.805,5.4,1.3,0.6,0.2,1.2,13.6
433,morrima02,2017,PF,28,WAS,73,27.0,4.5,0.48,1.0,0.367,0.536,1.4,0.82,5.6,1.9,0.8,0.5,1.7,11.5
434,morrimo01,2017,PG,22,DEN,3,8.3,1.3,0.667,0.0,0.0,0.667,0.7,1.0,0.7,2.3,1.0,0.0,0.3,3.3
435,motlejo01,2017,PF,22,DAL,11,16.0,3.6,0.533,0.1,0.167,0.54,1.4,0.536,4.5,0.6,0.3,0.2,0.8,8.7
436,mozgoti01,2017,C,31,BRK,31,11.6,1.7,0.559,0.1,0.222,0.581,0.7,0.767,3.2,0.4,0.2,0.4,1.1,4.2
437,mudiaem01,2017,PG,21,TOT,64,19.5,3.2,0.388,0.7,0.318,0.433,1.5,0.76,2.4,3.2,0.6,0.2,1.8,8.6
440,muhamsh01,2017,SF-SG,25,TOT,43,9.7,2.0,0.447,0.2,0.259,0.465,0.9,0.78,1.8,0.3,0.2,0.1,0.1,5.0
443,munfoxa02,2017,SG,25,MIL,6,3.5,0.2,0.167,0.0,0.0,0.167,0.2,0.5,0.2,0.7,0.2,0.0,0.3,0.5
444,murrade01,2017,PG,21,SAS,81,21.5,3.3,0.443,0.1,0.265,0.451,1.3,0.709,5.7,2.9,1.2,0.4,1.7,8.1
445,murraja01,2017,PG,20,DEN,81,31.7,5.9,0.451,2.0,0.378,0.529,2.8,0.905,3.7,3.4,1.0,0.3,2.1,16.7
446,muscami01,2017,C,26,ATL,53,20.0,2.7,0.458,1.2,0.371,0.558,1.1,0.919,4.3,1.0,0.6,0.5,0.8,7.6
447,naderab01,2017,SF,24,BOS,48,10.9,1.0,0.336,0.5,0.354,0.413,0.5,0.59,1.5,0.5,0.3,0.2,0.7,3.0
448,nancela02,2017,C,25,TOT,66,21.5,3.6,0.581,0.0,0.167,0.584,1.4,0.664,6.8,1.2,1.3,0.6,0.8,8.7
451,napiesh01,2017,PG,26,POR,74,20.7,3.0,0.42,1.1,0.376,0.497,1.6,0.841,2.3,2.0,1.1,0.2,1.2,8.7
452,nelsoja01,2017,PG,35,TOT,50,20.3,1.9,0.389,0.8,0.331,0.473,0.3,0.8,2.1,3.6,0.5,0.1,1.3,4.9
455,netora01,2017,PG,25,UTA,41,12.1,1.7,0.457,0.5,0.404,0.52,0.6,0.743,1.2,1.8,0.3,0.1,0.9,4.5
456,niangge01,2017,PF,24,UTA,9,3.6,0.4,0.364,0.0,0.0,0.364,0.1,0.5,1.0,0.3,0.2,0.0,0.3,1.0
457,noahjo01,2017,C,32,NYK,7,5.7,0.7,0.5,0.0,0.0,0.5,0.3,0.5,2.0,0.6,0.3,0.3,0.6,1.7
458,noelne01,2017,C,23,DAL,30,15.7,1.8,0.524,0.0,0.0,0.524,0.7,0.75,5.6,0.7,1.0,0.7,0.9,4.4
459,noguelu01,2017,C,25,TOR,49,8.5,1.0,0.613,0.1,0.263,0.644,0.4,0.679,1.8,0.4,0.5,0.9,0.3,2.5
460,nowitdi01,2017,C,39,DAL,77,24.7,4.5,0.456,1.8,0.409,0.547,1.3,0.898,5.7,1.6,0.6,0.6,0.7,12.0
461,ntilila01,2017,PG,19,NYK,78,21.9,2.3,0.364,0.6,0.318,0.414,0.6,0.721,2.3,3.2,0.8,0.2,1.7,5.9
462,nurkiju01,2017,C,23,POR,79,26.4,6.1,0.505,0.0,0.0,0.505,2.2,0.63,9.0,1.8,0.8,1.4,2.3,14.3
463,nwabada01,2017,SG,25,CHI,70,23.5,2.9,0.478,0.3,0.346,0.499,1.9,0.655,4.7,1.5,0.8,0.4,1.1,7.9
464,obryajo01,2017,PF,24,CHO,36,10.5,1.9,0.398,0.4,0.326,0.439,0.6,0.84,2.6,0.4,0.3,0.2,0.4,4.8
465,onealro01,2017,SF,24,UTA,69,16.7,1.7,0.423,0.6,0.356,0.496,0.9,0.803,3.4,1.4,0.5,0.2,0.8,5.0
466,oquinky01,2017,C,27,NYK,77,18.0,2.9,0.583,0.1,0.235,0.589,1.3,0.772,6.1,2.1,0.5,1.3,1.3,7.1
467,ojelese01,2017,PF,23,BOS,73,15.8,0.9,0.346,0.5,0.32,0.452,0.3,0.61,2.2,0.3,0.3,0.1,0.3,2.7
468,okafoem01,2017,C,35,NOP,26,13.6,1.8,0.505,0.0,0.0,0.505,0.7,0.818,4.6,0.3,0.3,1.0,0.5,4.4
469,okafoja01,2017,C,22,TOT,28,12.6,2.8,0.558,0.0,0.25,0.562,0.8,0.724,3.0,0.4,0.1,0.6,0.8,6.3
472,oladivi01,2017,SG,25,IND,75,34.0,8.5,0.477,2.1,0.371,0.537,3.9,0.799,5.2,4.3,2.4,0.8,2.9,23.1
473,olynyke01,2017,PF,26,MIA,76,23.4,4.2,0.497,1.4,0.379,0.58,1.8,0.77,5.7,2.7,0.8,0.5,1.9,11.5
474,onuakch01,2017,C,21,HOU,1,22.0,2.0,0.4,0.0,0.0,0.4,0.0,0.0,4.0,1.0,0.0,0.0,3.0,4.0
475,osmande01,2017,SF,22,CLE,61,11.0,1.5,0.484,0.5,0.368,0.57,0.4,0.565,2.0,0.7,0.4,0.0,0.5,3.9
476,oubreke01,2017,SF,22,WAS,81,27.5,3.9,0.403,1.6,0.341,0.482,2.4,0.82,4.5,1.2,1.0,0.4,1.1,11.8
477,pachuza01,2017,C,33,GSW,69,14.1,2.2,0.564,0.0,0.0,0.564,1.1,0.806,4.7,1.6,0.6,0.2,1.0,5.4
478,paigema01,2017,PG,24,CHO,5,5.6,0.8,0.286,0.4,0.25,0.357,0.4,1.0,0.8,0.6,0.0,0.0,0.0,2.4
479,papagge01,2017,C,20,TOT,17,7.2,1.1,0.429,0.0,0.0,0.429,0.0,0.0,2.2,0.5,0.2,0.4,0.5,2.1
482,parkeja01,2017,PF,22,MIL,31,24.0,5.2,0.482,1.0,0.383,0.529,1.3,0.741,4.9,1.9,0.8,0.3,1.5,12.6
483,parketo01,2017,PG,35,SAS,55,19.5,3.2,0.459,0.2,0.27,0.472,1.0,0.705,1.7,3.5,0.5,0.0,1.2,7.7
484,parsoch01,2017,SF,29,MEM,36,19.2,3.0,0.462,1.4,0.421,0.571,0.5,0.63,2.5,1.9,0.5,0.3,1.0,7.9
485,pattepa01,2017,PF,28,OKC,82,15.5,1.3,0.398,0.8,0.386,0.523,0.5,0.87,2.4,0.7,0.6,0.3,0.4,3.9
486,pattoju01,2017,C,20,MIN,1,4.0,1.0,0.5,0.0,0.0,0.5,0.0,0.0,0.0,0.0,1.0,0.0,0.0,2.0
487,paulbr01,2017,SG,26,SAS,64,9.0,0.9,0.433,0.2,0.278,0.492,0.3,0.512,1.1,0.6,0.4,0.1,0.5,2.3
488,paulch01,2017,PG,32,HOU,58,31.8,6.3,0.46,2.5,0.38,0.55,3.5,0.919,5.4,7.9,1.7,0.2,2.2,18.6
489,paynead01,2017,PF,26,ORL,5,8.6,1.4,0.7,0.4,0.667,0.8,1.0,0.833,1.8,0.0,0.4,0.0,0.4,4.2
490,payneca01,2017,PG,23,CHI,25,23.3,3.5,0.405,1.4,0.385,0.486,0.5,0.75,2.8,4.5,1.0,0.4,1.4,8.8
491,paytoel01,2017,PG,23,TOT,63,28.7,5.2,0.493,0.5,0.326,0.516,1.7,0.649,4.3,6.2,1.3,0.3,2.7,12.7
494,paytoga02,2017,PG,25,TOT,23,9.6,1.3,0.405,0.3,0.24,0.446,0.1,0.333,1.9,0.9,0.3,0.1,0.3,3.0
497,perkike01,2017,C,33,CLE,1,15.0,1.0,0.5,0.0,0.0,0.5,1.0,0.5,1.0,2.0,1.0,0.0,1.0,3.0
498,perralo01,2017,PG,23,CLE,14,4.7,0.1,0.154,0.0,0.0,0.154,0.2,0.6,0.3,0.4,0.1,0.1,0.1,0.5
499,peteral01,2017,PF,22,PHO,20,11.3,1.4,0.378,0.9,0.31,0.5,0.4,0.8,1.9,0.6,0.1,0.1,0.2,4.1
500,plumlma02,2017,C,25,MIL,8,6.5,0.1,0.333,0.0,0.0,0.333,1.5,0.75,2.1,0.3,0.0,0.1,0.4,1.8
501,plumlma01,2017,C,27,DEN,74,19.4,3.0,0.601,0.0,0.0,0.601,1.1,0.458,5.4,1.9,0.7,1.1,1.4,7.1
502,plumlmi01,2017,C,29,ATL,55,16.7,1.9,0.583,0.0,0.0,0.583,0.5,0.45,4.1,0.8,0.3,0.5,1.1,4.3
503,poeltja01,2017,C,22,TOR,82,18.6,3.1,0.659,0.0,0.5,0.66,0.7,0.594,4.8,0.7,0.5,1.2,1.0,6.9
504,pondequ01,2017,SF,29,CHI,23,8.5,0.6,0.286,0.1,0.136,0.316,0.6,0.824,1.2,0.4,0.3,0.1,0.5,2.0
505,porteot01,2017,SF,24,WAS,77,31.6,5.8,0.503,1.8,0.441,0.581,1.4,0.828,6.4,2.0,1.5,0.5,1.0,14.7
506,portibo01,2017,PF,22,CHI,73,22.5,5.2,0.471,1.1,0.359,0.52,1.6,0.769,6.8,1.7,0.7,0.3,1.4,13.2
507,porzikr01,2017,PF,22,NYK,48,32.4,8.1,0.439,1.9,0.395,0.489,4.5,0.793,6.6,1.2,0.8,2.4,1.9,22.7
508,poweldw01,2017,C,26,DAL,79,21.2,3.2,0.593,0.4,0.333,0.626,1.7,0.719,5.6,1.2,0.8,0.4,0.7,8.5
509,powelno01,2017,SG,24,TOR,70,15.2,2.1,0.401,0.8,0.285,0.472,0.5,0.821,1.7,1.3,0.5,0.2,0.9,5.5
510,poythal01,2017,PF,24,IND,25,4.2,0.4,0.423,0.2,0.364,0.5,0.0,0.0,0.7,0.1,0.1,0.0,0.1,1.0
511,pulleja01,2017,PG,28,PHI,3,2.0,0.3,0.5,0.0,0.0,0.5,0.0,0.0,0.0,0.0,0.0,0.0,0.3,0.7
512,purviro01,2017,SG,23,ORL,16,18.1,2.2,0.327,0.8,0.25,0.388,0.8,0.867,1.7,1.1,0.2,0.2,0.6,6.0
513,qizh01,2017,C,22,HOU,18,6.9,0.3,0.188,0.1,0.105,0.219,0.4,0.667,1.2,0.1,0.1,0.8,0.6,1.2
514,quartti01,2017,SG,23,HOU,3,4.3,0.3,0.333,0.0,0.0,0.333,0.7,1.0,1.0,0.3,0.0,0.0,0.7,1.3
515,rabbiv01,2017,PF,20,MEM,36,14.3,2.4,0.566,0.0,0.0,0.566,0.8,0.806,4.4,0.9,0.3,0.4,1.0,5.6
516,randlju01,2017,C,23,LAL,82,26.7,6.1,0.558,0.1,0.222,0.563,3.7,0.718,8.0,2.6,0.5,0.5,2.6,16.1
517,randoza01,2017,PF,36,SAC,59,25.6,6.1,0.473,0.9,0.347,0.507,1.4,0.785,6.7,2.2,0.7,0.2,2.0,14.5
518,rathaxa01,2017,SG,23,MEM,5,23.6,2.4,0.286,0.2,0.071,0.298,0.8,0.444,1.0,3.6,1.2,0.6,2.2,5.8
519,redicjj01,2017,SG,33,PHI,70,30.2,5.8,0.46,2.8,0.42,0.569,2.8,0.904,2.5,3.0,0.5,0.1,1.5,17.1
520,reedda01,2017,SG,22,PHO,21,11.5,1.0,0.289,0.5,0.289,0.362,0.4,0.667,1.9,0.6,0.5,0.1,0.5,3.0
521,reedwi02,2017,C,27,TOT,42,10.2,1.9,0.669,0.0,0.5,0.674,0.8,0.582,2.9,0.2,0.2,0.5,0.5,4.6
524,richajo01,2017,SF,24,MIA,81,33.2,4.9,0.451,1.6,0.378,0.523,1.5,0.845,3.5,2.9,1.5,0.9,1.7,12.9
525,richama01,2017,SG,22,TOT,26,12.5,1.2,0.333,0.5,0.3,0.4,0.7,0.773,1.3,0.5,0.4,0.0,0.4,3.4
528,riverau01,2017,SG,25,LAC,61,33.7,5.6,0.424,2.2,0.378,0.508,1.7,0.642,2.4,4.0,1.2,0.3,1.8,15.1
529,roberan03,2017,SG,26,OKC,39,26.6,2.2,0.537,0.2,0.222,0.562,0.3,0.316,4.7,1.2,1.2,0.9,0.8,5.0
530,robinde01,2017,SF,22,WAS,1,13.0,1.0,0.333,0.0,0.0,0.333,0.0,0.0,5.0,0.0,1.0,0.0,0.0,2.0
531,robingl02,2017,SF,24,IND,23,14.7,1.6,0.424,0.6,0.412,0.506,0.4,0.818,1.6,0.7,0.6,0.0,0.2,4.1
532,rondora01,2017,PG,31,NOP,65,26.2,3.6,0.468,0.8,0.333,0.518,0.4,0.543,4.0,8.2,1.1,0.2,2.3,8.3
533,rosede01,2017,PG,29,TOT,25,16.8,3.2,0.435,0.3,0.233,0.454,1.6,0.87,1.4,1.5,0.3,0.2,1.4,8.4
536,rosste01,2017,SG,26,ORL,24,25.0,3.2,0.398,1.3,0.323,0.476,1.1,0.75,3.0,1.6,1.1,0.5,1.2,8.7
537,roziete01,2017,PG,23,BOS,80,25.9,4.0,0.395,1.9,0.381,0.491,1.4,0.772,4.7,2.9,1.0,0.2,1.0,11.3
538,rubiori01,2017,PG,27,UTA,77,29.3,4.5,0.418,1.2,0.352,0.476,2.9,0.866,4.6,5.3,1.6,0.1,2.7,13.1
539,russeda01,2017,PG,21,BRK,48,25.7,5.8,0.414,1.9,0.324,0.481,2.0,0.74,3.9,5.2,0.8,0.4,3.1,15.5
540,sabondo01,2017,C,21,IND,74,24.5,4.6,0.514,0.2,0.351,0.524,2.3,0.75,7.7,2.0,0.5,0.4,1.9,11.6
541,sampsja02,2017,SF,24,SAC,22,15.6,2.0,0.543,0.2,0.5,0.574,0.5,0.625,3.5,0.4,0.4,1.0,0.4,4.7
542,saricda01,2017,PF,23,PHI,78,29.6,5.2,0.453,2.0,0.393,0.541,2.3,0.86,6.7,2.6,0.7,0.3,1.9,14.6
543,satorto01,2017,SG,26,WAS,73,22.5,2.8,0.523,0.6,0.465,0.585,1.0,0.781,3.2,3.9,0.7,0.2,1.1,7.2
544,schrode01,2017,PG,24,ATL,67,31.0,7.5,0.436,1.1,0.29,0.469,3.4,0.849,3.1,6.2,1.1,0.1,2.7,19.4
545,scottmi01,2017,PF,29,WAS,76,18.5,3.6,0.527,0.9,0.405,0.59,0.7,0.658,3.3,1.1,0.3,0.1,1.0,8.8
546,sefolth01,2017,SF,33,UTA,38,21.2,3.1,0.492,0.8,0.381,0.558,1.2,0.815,4.2,0.9,1.4,0.3,0.8,8.2
547,seldewa01,2017,SG,23,MEM,35,19.8,3.3,0.431,1.4,0.402,0.522,1.3,0.746,1.6,1.9,0.5,0.1,1.5,9.3
548,sessira01,2017,PG,31,TOT,28,14.0,1.5,0.359,0.3,0.308,0.393,1.6,0.772,1.4,2.8,0.5,0.1,1.1,4.9
551,shumpim01,2017,SG,27,CLE,14,19.7,1.6,0.379,0.5,0.269,0.44,0.8,0.733,2.9,1.2,0.6,0.3,1.1,4.4
552,siakapa01,2017,PF,23,TOR,81,20.7,3.1,0.508,0.4,0.22,0.537,0.7,0.621,4.5,2.0,0.8,0.5,0.8,7.3
553,silasxa01,2017,SG,30,BOS,2,3.5,0.0,0.0,0.0,0.0,0.0,0.0,0.0,1.0,0.0,0.5,0.0,0.0,0.0
554,simmobe01,2017,PG,21,PHI,81,33.7,6.7,0.545,0.0,0.0,0.545,2.4,0.56,8.1,8.2,1.7,0.9,3.4,15.8
555,simmojo02,2017,SG,28,ORL,69,29.4,5.1,0.465,1.0,0.338,0.511,2.7,0.768,3.5,2.5,0.8,0.2,2.1,13.9
556,simmoko01,2017,PG,20,MEM,32,20.1,2.5,0.423,0.3,0.282,0.452,0.8,1.0,1.6,2.1,0.6,0.2,1.4,6.1
557,singlky01,2017,SF,29,OKC,12,4.9,0.6,0.333,0.2,0.4,0.381,0.6,0.538,0.8,0.2,0.1,0.0,0.3,1.9
558,smartma01,2017,SG,23,BOS,54,29.9,3.5,0.367,1.4,0.301,0.44,1.8,0.729,3.5,4.8,1.3,0.4,2.4,10.2
559,smithde03,2017,PG,20,DAL,69,29.7,5.9,0.395,1.5,0.313,0.446,1.9,0.694,3.8,5.2,1.0,0.3,2.8,15.2
560,smithis01,2017,PG,29,DET,82,24.9,4.7,0.486,0.4,0.347,0.507,1.0,0.698,2.7,4.4,0.8,0.2,1.3,10.9
561,smithjr01,2017,SG,32,CLE,80,28.1,3.0,0.403,1.8,0.375,0.524,0.5,0.696,2.9,1.8,0.9,0.1,1.0,8.3
562,smithja02,2017,C,31,WAS,33,8.6,1.4,0.391,0.1,0.125,0.409,0.6,0.905,1.6,0.4,0.1,0.4,0.5,3.4
563,smithjo03,2017,PF,32,NOP,3,4.0,0.3,0.25,0.0,0.0,0.25,0.0,0.0,1.3,0.0,0.0,0.0,0.0,0.7
564,snellto01,2017,SG,26,MIL,75,27.4,2.5,0.435,1.4,0.403,0.562,0.5,0.792,1.9,1.3,0.6,0.4,0.5,6.9
565,speigma01,2017,C,30,ORL,52,13.0,2.7,0.395,1.7,0.369,0.519,0.8,0.727,2.6,0.8,0.2,0.4,0.8,7.7
566,stausni01,2017,SG,24,TOT,41,12.8,1.5,0.39,1.0,0.4,0.519,0.5,0.724,1.6,1.0,0.2,0.1,0.6,4.4
569,stephla01,2017,SG,27,IND,82,22.6,3.7,0.427,0.8,0.289,0.475,1.0,0.661,5.2,2.9,0.6,0.2,1.6,9.2
570,stockda01,2017,PG,26,UTA,3,3.0,0.7,0.667,0.7,0.667,1.0,1.3,1.0,0.0,0.0,0.0,0.0,0.3,3.3
571,stoneju01,2017,SG,29,CHO,23,7.6,0.3,0.462,0.3,0.462,0.692,0.0,0.5,1.3,1.1,0.2,0.1,0.3,0.8
572,sumneed01,2017,PG,22,IND,1,2.0,1.0,1.0,0.0,0.0,1.0,0.0,0.0,1.0,0.0,0.0,0.0,0.0,2.0
573,swanica01,2017,PF,20,POR,27,7.0,0.9,0.4,0.0,0.125,0.408,0.4,0.667,2.0,0.5,0.2,0.1,0.7,2.3
574,tatumja01,2017,SF,19,BOS,80,30.5,5.0,0.475,1.3,0.434,0.538,2.7,0.826,5.0,1.6,1.0,0.7,1.4,13.9
575,taylois01,2017,PG,23,ATL,67,17.4,2.4,0.418,0.3,0.25,0.444,1.5,0.702,1.4,3.1,0.5,0.1,1.3,6.6
576,teaguje01,2017,PG,29,MIN,70,33.0,5.1,0.446,1.2,0.368,0.499,2.9,0.845,3.0,7.0,1.5,0.3,2.5,14.2
577,teaguma01,2017,PG,24,MEM,3,24.7,1.3,0.25,0.3,0.25,0.281,0.7,0.4,2.0,4.3,1.3,0.0,1.0,3.7
578,teletmi01,2017,PF,32,MIL,10,15.9,2.5,0.439,2.1,0.467,0.623,0.0,0.0,2.3,1.0,0.4,0.1,0.7,7.1
579,templga01,2017,SG,31,SAC,65,24.8,3.1,0.418,1.4,0.392,0.512,0.9,0.769,2.3,1.9,0.9,0.4,1.2,8.4
580,teodomi01,2017,PG,30,LAC,45,25.2,3.4,0.419,2.0,0.379,0.542,0.9,0.848,2.8,4.6,0.5,0.1,2.2,9.5
581,terryja01,2017,SG,40,MIL,51,16.0,1.2,0.383,0.8,0.348,0.513,0.2,0.889,0.9,1.2,0.8,0.3,0.5,3.3
582,theisda01,2017,C,25,BOS,63,14.9,2.0,0.541,0.3,0.31,0.579,1.0,0.753,4.3,0.9,0.5,0.8,0.9,5.3
583,thomais02,2017,PG,28,TOT,32,26.9,4.9,0.373,1.7,0.293,0.438,3.7,0.893,2.1,4.8,0.5,0.1,3.0,15.2
586,thomala01,2017,PF,29,NYK,73,18.5,1.4,0.382,0.7,0.403,0.476,0.6,0.83,2.4,0.6,0.4,0.2,0.5,4.1
587,thompkl01,2017,SG,27,GSW,73,34.3,7.9,0.488,3.1,0.44,0.585,1.1,0.837,3.8,2.5,0.8,0.5,1.8,20.0
588,thomptr01,2017,C,26,CLE,53,20.2,2.5,0.562,0.0,0.0,0.562,0.8,0.544,6.6,0.6,0.3,0.3,0.7,5.8
589,thornsi01,2017,SG,23,LAC,73,15.8,1.4,0.429,0.3,0.377,0.479,0.8,0.67,1.9,0.9,0.7,0.3,0.7,3.9
590,tollian01,2017,PF,32,DET,79,22.2,2.8,0.464,2.0,0.436,0.632,1.3,0.797,3.1,1.1,0.4,0.3,0.7,8.9
591,townska01,2017,C,22,MIN,82,35.6,7.8,0.545,1.5,0.421,0.596,4.2,0.858,12.3,2.4,0.8,1.4,1.9,21.3
592,tuckepj01,2017,PF,32,HOU,82,27.8,2.1,0.39,1.4,0.371,0.52,0.5,0.717,5.6,0.9,1.0,0.3,0.9,6.1
593,turneev01,2017,SF,29,POR,79,25.7,3.3,0.447,0.5,0.318,0.484,1.2,0.85,3.1,2.2,0.6,0.4,1.3,8.2
594,turnemy01,2017,C,21,IND,65,28.2,4.7,0.479,0.9,0.357,0.523,2.5,0.777,6.4,1.3,0.6,1.8,1.5,12.7
595,udohek01,2017,C,30,UTA,63,12.9,1.0,0.5,0.0,0.0,0.5,0.7,0.75,2.4,0.8,0.7,1.2,0.3,2.6
596,ulisty01,2017,PG,22,PHO,71,23.4,3.0,0.388,0.6,0.288,0.426,1.2,0.832,1.8,4.4,1.0,0.1,1.8,7.8
597,valanjo01,2017,C,25,TOR,77,22.4,5.1,0.568,0.4,0.405,0.59,2.2,0.806,8.6,1.1,0.4,0.9,1.5,12.7
598,valende01,2017,SG,24,CHI,77,27.2,3.9,0.417,1.9,0.386,0.517,0.5,0.745,5.1,3.2,0.8,0.1,1.3,10.2
599,vanvlfr01,2017,PG,23,TOR,76,20.0,3.1,0.426,1.4,0.414,0.525,1.1,0.832,2.4,3.2,0.9,0.3,1.0,8.6
600,vaughra01,2017,SG,21,TOT,28,7.6,0.8,0.411,0.5,0.378,0.536,0.1,0.667,0.8,0.5,0.2,0.1,0.2,2.3
604,vonleno01,2017,PF,22,TOT,54,16.2,1.9,0.444,0.4,0.303,0.487,0.7,0.621,5.8,0.6,0.4,0.3,0.6,4.9
607,vucevni01,2017,C,27,ORL,57,29.5,7.0,0.475,1.1,0.314,0.513,1.4,0.819,9.2,3.4,1.0,1.1,1.9,16.5
608,wadedw01,2017,SG,36,TOT,67,22.9,4.5,0.438,0.5,0.288,0.462,2.0,0.714,3.8,3.4,0.9,0.7,2.1,11.4
611,waitedi01,2017,SG,26,MIA,30,30.6,5.4,0.398,1.7,0.306,0.461,1.7,0.739,2.6,3.8,0.8,0.3,2.3,14.3
612,walkeke02,2017,PG,27,CHO,80,34.2,7.4,0.431,2.9,0.384,0.516,4.5,0.864,3.1,5.6,1.1,0.3,2.2,22.1
613,walljo01,2017,PG,27,WAS,41,34.4,6.8,0.42,1.5,0.371,0.466,4.3,0.726,3.7,9.6,1.4,1.1,3.9,19.4
614,wallaty01,2017,PG,23,LAC,30,28.4,3.7,0.445,0.3,0.25,0.466,2.0,0.782,3.5,2.4,0.9,0.4,1.5,9.7
615,princta02,2017,SF,23,ATL,82,30.0,5.1,0.426,2.1,0.385,0.516,1.9,0.844,4.7,2.6,1.0,0.5,2.3,14.1
616,waltode01,2017,PG,22,MIA,16,9.2,0.5,0.32,0.4,0.412,0.46,0.4,1.0,1.0,1.0,0.4,0.2,0.1,1.8
617,warneja01,2017,PF,24,DAL,3,9.0,2.3,0.583,0.0,0.0,0.583,1.0,0.6,3.0,0.0,0.0,0.0,0.3,5.7
618,warretj01,2017,SF,24,PHO,65,33.0,8.1,0.498,0.3,0.222,0.507,3.0,0.757,5.1,1.3,1.0,0.6,1.3,19.6
619,weartr01,2017,SF,27,LAL,17,13.4,1.5,0.347,1.0,0.362,0.465,0.5,1.0,2.2,0.4,0.2,0.3,0.4,4.4
620,webbja01,2017,SF,24,BRK,10,12.0,0.6,0.25,0.4,0.211,0.333,0.0,0.0,2.4,0.4,0.1,0.0,0.4,1.6
621,weberbr01,2017,PG,25,TOT,18,13.2,1.1,0.442,0.2,0.364,0.488,0.4,0.8,1.9,1.2,1.0,0.3,0.8,2.8
624,westda01,2017,C,37,GSW,73,13.7,3.0,0.571,0.0,0.375,0.575,0.8,0.759,3.3,1.9,0.6,1.0,1.1,6.8
625,westbru01,2017,PG,29,OKC,80,36.4,9.5,0.449,1.2,0.298,0.477,5.2,0.737,10.1,10.3,1.8,0.3,4.8,25.4
626,whitean01,2017,SF,24,ATL,15,13.9,1.7,0.342,1.2,0.367,0.466,0.1,0.25,2.3,0.4,0.2,0.1,0.5,4.6
627,whitede01,2017,PG,23,SAS,17,8.2,0.9,0.485,0.5,0.615,0.606,0.8,0.7,1.5,0.5,0.2,0.2,0.4,3.2
628,whiteok01,2017,PF,25,MIA,6,13.3,1.2,0.438,0.7,0.364,0.563,0.3,0.667,1.8,0.3,0.2,0.2,0.2,3.3
629,whiteis01,2017,PG,22,BRK,16,11.3,2.5,0.465,0.4,0.389,0.506,0.8,0.684,1.6,1.3,0.5,0.1,1.5,6.3
630,whiteha01,2017,C,28,MIA,54,25.3,5.8,0.54,0.0,1.0,0.542,2.4,0.703,11.4,1.0,0.7,1.7,1.7,14.0
631,wiggian01,2017,SF,22,MIN,82,36.3,6.9,0.438,1.4,0.331,0.481,2.5,0.643,4.4,2.0,1.1,0.6,1.7,17.7
632,wileyja01,2017,PF,23,BRK,5,6.6,0.2,0.25,0.2,0.5,0.375,0.2,0.5,2.2,0.4,0.2,0.0,0.0,0.8
633,wilkida02,2017,SF,38,IND,19,8.0,0.7,0.333,0.2,0.222,0.385,0.2,0.75,0.8,0.5,0.1,0.1,0.3,1.7
634,willial03,2017,PF,25,PHO,5,14.0,1.4,0.389,0.0,0.0,0.389,1.2,0.667,4.4,1.6,1.0,0.2,1.4,4.0
635,willicj01,2017,SG,27,LAC,38,18.6,2.3,0.442,0.6,0.282,0.497,0.3,0.813,1.5,1.1,0.8,0.3,0.5,5.5
636,willide02,2017,PF,26,LAL,2,4.5,0.5,0.25,0.0,0.0,0.25,0.0,0.0,0.5,0.0,0.0,0.0,0.0,1.0
637,willilo02,2017,SG,31,LAC,79,32.8,7.4,0.435,2.4,0.359,0.505,5.5,0.88,2.5,5.3,1.1,0.2,3.0,22.6
638,willima02,2017,PF,31,CHO,78,25.7,3.3,0.458,1.6,0.413,0.57,1.3,0.829,4.7,1.2,0.7,0.5,0.8,9.5
639,willima05,2017,SG,24,MIA,3,3.7,0.7,0.333,0.3,0.2,0.417,0.0,0.0,0.3,0.0,0.0,0.0,0.3,1.7
640,willitr02,2017,SF,23,TOT,21,14.6,2.4,0.468,0.5,0.289,0.518,1.0,0.667,3.0,0.8,1.0,0.2,0.9,6.3
643,wilsodj01,2017,PF,21,MIL,22,3.2,0.4,0.563,0.1,0.4,0.625,0.0,0.5,0.5,0.1,0.1,0.0,0.2,1.0
644,wilsoja02,2017,SF,27,LAC,15,18.3,2.5,0.469,1.8,0.429,0.636,0.1,0.5,2.1,0.7,0.3,0.5,0.5,7.0
645,winslju01,2017,PF,21,MIA,68,24.7,3.0,0.424,0.7,0.38,0.474,1.0,0.635,5.4,2.2,0.8,0.5,1.1,7.8
646,witheje01,2017,C,27,DAL,9,4.3,0.7,0.375,0.2,0.2,0.438,0.1,0.5,1.1,0.0,0.0,0.3,0.2,1.7
647,woltena01,2017,PG,26,UTA,5,3.8,0.2,0.167,0.0,0.0,0.167,0.0,0.0,0.4,0.2,0.0,0.0,0.0,0.4
648,wrighbr03,2017,PF,30,TOT,28,13.6,2.1,0.578,0.0,0.0,0.578,0.8,0.636,3.4,0.5,0.5,0.9,0.3,5.0
651,wrighde01,2017,PG,25,TOR,69,20.8,2.9,0.465,0.8,0.366,0.53,1.4,0.829,2.9,2.9,1.0,0.5,1.1,8.0
652,yabusgu01,2017,PF,22,BOS,33,7.1,0.8,0.426,0.4,0.324,0.525,0.5,0.682,1.6,0.5,0.1,0.2,0.4,2.4
653,youngja01,2017,SG,22,PHI,6,10.2,0.8,0.357,0.5,0.3,0.464,0.7,0.667,0.3,0.3,0.0,0.0,0.2,2.8
654,youngjo01,2017,PG,25,IND,53,10.5,1.5,0.43,0.5,0.379,0.497,0.4,0.759,1.2,0.7,0.3,0.0,0.5,3.9
655,youngni01,2017,SG,32,GSW,80,17.4,2.5,0.412,1.5,0.377,0.538,0.7,0.862,1.6,0.5,0.5,0.1,0.5,7.3
656,youngth01,2017,PF,29,IND,81,32.2,5.2,0.487,0.7,0.32,0.521,0.7,0.598,6.3,1.9,1.7,0.4,1.3,11.8
657,zelleco01,2017,C,25,CHO,33,19.0,2.6,0.545,0.1,0.667,0.551,1.8,0.718,5.4,0.9,0.4,0.6,1.0,7.1
658,zellety01,2017,C,28,TOT,66,16.8,2.8,0.56,0.2,0.357,0.575,0.9,0.722,4.6,0.7,0.2,0.5,0.7,6.7
661,zipsepa01,2017,SF,23,CHI,54,15.3,1.5,0.346,0.7,0.336,0.425,0.4,0.76,2.4,0.9,0.4,0.3,0.8,4.0
662,zizican01,2017,C,21,CLE,32,6.7,1.5,0.731,0.0,0.0,0.731,0.7,0.724,1.9,0.2,0.1,0.4,0.3,3.7
663,zubaciv01,2017,C,20,LAL,43,9.5,1.4,0.5,0.0,0.0,0.5,0.9,0.765,2.9,0.6,0.2,0.3,0.6,3.7
