,Unnamed: 0,player_id,playing_season,salary
0,0,hammoaj01,2016,0.0
1,1,brookaa01,2016,2700000.0
2,2,gordoaa01,2016,4351320.0
3,3,paynead01,2016,2022240.0
4,4,aminual01,2016,7680965.0
5,5,horfoal01,2016,26540100.0
6,6,jeffeal01,2016,10230179.0
7,7,anderal01,2016,1315448.0
8,8,willial03,2016,874636.0
9,9,burksal01,2016,9904495.0
10,10,abrinal01,2016,5994764.0
11,11,lenal01,2016,4823621.0
12,12,ajincal01,2016,4863206.0
13,13,crabbal01,2016,18500000.0
14,14,geeal01,2016,2255408.0
15,15,johnsam01,2016,12000000.0
16,16,varejan01,2016,10851659.0
17,17,drumman01,2016,22116750.0
18,18,iguodan01,2016,11131368.0
19,19,roberan03,2016,2183072.0
20,20,bogutan01,2016,11410378.0
21,21,harrian01,2016,945000.0
22,22,nichoan01,2016,6088993.0
23,23,wiggian01,2016,6006600.0
24,24,davisan02,2016,22116750.0
25,25,morroan01,2016,3488000.0
26,26,tollian01,2016,8000000.0
27,27,onuakar01,2016,426775.0
28,28,baynear01,2016,6500000.0
29,29,afflaar01,2016,12500000.0
30,30,riverau01,2016,11000000.0
31,31,bradlav01,2016,8269663.0
32,32,mclembe01,2016,4008882.0
33,33,udrihbe01,2016,980431.0
34,34,biyombi01,2016,17000000.0
35,35,griffbl01,2016,20093064.0
36,36,marjabo01,2016,5628000.0
37,37,brownbo02,2016,940070.0
38,38,portibo01,2016,1404600.0
39,39,bogdabo02,2016,3573020.0
40,40,diawbo01,2016,7000000.0
41,41,bealbr01,2016,22116750.0
42,42,wrighbr03,2016,5709880.0
43,43,bassbr01,2016,1551659.0
44,44,ingrabr01,2016,5281680.0
45,45,jennibr01,2016,5587318.0
46,46,knighbr03,2016,12606250.0
47,47,rushbr01,2016,3500000.0
48,48,roberbr01,2016,1050961.0
49,49,johnsbr02,2016,1273920.0
50,50,lopezbr01,2016,21165675.0
51,51,cabocbr01,2016,1589640.0
52,52,forbebr01,2016,543471.0
53,53,hieldbu01,2016,3517200.0
54,54,milescj01,2016,0.0
55,55,watsocj01,2016,0.0
56,56,wilcocj01,2016,0.0
57,57,payneca01,2016,2112480.0
58,58,leverca01,2016,1562280.0
59,59,anthoca01,2016,24559380.0
60,60,parsoch01,2016,22116750.0
61,61,fryech01,2016,7806971.0
62,62,diallch01,2016,543471.0
63,63,onuakch01,2016,543471.0
64,64,anderch01,2016,1551659.0
65,65,mcculch01,2016,1191480.0
66,66,paulch01,2016,22868827.0
67,67,woodch01,2016,874636.0
68,68,mccolcj01,2016,3219579.0
69,69,capelca01,2016,1296240.0
70,70,zelleco01,2016,5318313.0
71,71,aldrico01,2016,7643979.0
72,72,breweco01,2016,7612172.0
73,73,josepco01,2016,7315000.0
74,74,leeco01,2016,11242000.0
75,75,feliccr01,2016,874636.0
76,76,russeda01,2016,5332800.0
77,77,augusdj01,2016,0.0
78,78,jonesda03,2016,1171560.0
79,79,lillada01,2016,24328425.0
80,80,rudezda01,2016,980431.0
81,81,ochefda01,2016,543471.0
82,82,gallida01,2016,15050000.0
83,83,greenda02,2016,10000000.0
84,84,cunnida01,2016,3000000.0
85,85,exumda01,2016,3940320.0
86,86,houseda01,2016,543471.0
87,87,saricda01,2016,2318280.0
88,88,arthuda01,2016,8070175.0
89,89,collida01,2016,5229454.0
90,90,hillida01,2016,874636.0
91,91,leeda02,2016,1551659.0
92,92,westda01,2016,1551659.0
93,93,bertada01,2016,543471.0
94,94,bembrde01,2016,0.0
95,95,jordade01,2016,21165675.0
96,96,liggide01,2016,1015695.0
97,97,murrade01,2016,1180080.0
98,98,wrighde01,2016,1577280.0
99,99,derozde01,2016,26540100.0
100,100,couside01,2016,15756438.0
101,101,carrode01,2016,14200000.0
102,102,jacksde01,2016,1450000.0
103,103,schrode01,2016,2708582.0
104,104,valende01,2016,2092200.0
105,105,willide01,2016,14885520.0
106,106,favorde01,2016,11050000.0
107,107,jonesde02,2016,543471.0
108,108,rosede01,2016,21323252.0
109,109,willide02,2016,5020145.0
110,110,bookede01,2016,2223600.0
111,111,harride01,2016,4227996.0
112,112,dedmode01,2016,2898000.0
113,113,davisde01,2016,1369229.0
114,114,stonedi01,2016,543471.0
115,115,waitedi01,2016,2898000.0
116,116,nowitdi01,2016,25000000.0
117,117,sabondo01,2016,2440200.0
118,118,motiedo01,2016,607491.0
119,119,finnedo01,2016,543471.0
120,120,mcderdo01,2016,2483040.0
121,121,bendedr01,2016,4276320.0
122,122,greendr01,2016,15330435.0
123,123,howardw01,2016,23500000.0
124,124,poweldw01,2016,8375000.0
125,125,wadedw01,2016,23200000.0
126,126,mooreet01,2016,8801363.0
127,127,davised01,2016,6666667.0
128,128,paytoel01,2016,2613600.0
129,129,mudiaem01,2016,3241800.0
130,130,kanteen01,2016,17145838.0
131,131,bledser01,2016,14000000.0
132,132,gordoer01,2016,12385665.0
133,133,ilyaser01,2016,8400000.0
134,134,fournev01,2016,17000000.0
135,135,turneev01,2016,16393443.0
136,136,kaminfr01,2016,2730000.0
137,137,vanvlfr01,2016,543471.0
138,138,templga01,2016,8000000.0
139,139,harriga01,2016,1655880.0
140,140,hillge01,2016,8000000.0
141,141,niangge01,2016,650000.0
142,142,papagge01,2016,2202240.0
143,143,greenge01,2016,1410598.0
144,144,hendege02,2016,9000000.0
145,145,antetgi01,2016,2995420.0
146,146,robingl02,2016,1050500.0
147,147,dragigo01,2016,15891725.0
148,148,haywago01,2016,16073140.0
149,149,dienggo01,2016,2348782.0
150,150,monrogr01,2016,17145838.0
151,151,barneha02,2016,22116750.0
152,152,whiteha01,2016,22116750.0
153,153,ellenhe01,2016,1704120.0
154,154,clarkia01,2016,1015696.0
155,155,mahinia01,2016,16000000.0
156,156,shumpim01,2016,9662922.0
157,157,canaais01,2016,1015696.0
158,158,thomais02,2016,6587131.0
159,159,whiteis01,2016,1074145.0
160,160,smithis01,2016,0.0
161,161,zubaciv01,2016,1034865.0
162,162,bareajo01,2016,0.0
163,163,redicjj01,2016,0.0
164,164,smithjr01,2016,0.0
165,165,parkeja01,2016,5374320.0
166,166,crowdja01,2016,6286408.0
167,167,okafoja01,2016,4788840.0
168,168,laymaja01,2016,600000.0
169,169,poeltja01,2016,0.0
170,170,crawfja01,2016,13253012.0
171,171,murraja01,2016,3210840.0
172,172,nelsoja01,2016,4540525.0
173,173,ennisja01,2016,2898000.0
174,174,hardeja01,2016,26540100.0
175,175,johnsja01,2016,4000000.0
176,176,jonesja02,2016,1551659.0
177,177,mcadoja01,2016,980431.0
178,178,youngja01,2016,1825200.0
179,179,greenja01,2016,980431.0
180,180,dudleja01,2016,10470000.0
181,181,sullija01,2016,5628000.0
182,182,martija01,2016,1286160.0
183,183,smithja02,2016,5000000.0
184,184,terryja01,2016,1551659.0
185,185,mcgeeja01,2016,1403611.0
186,186,brownja02,2016,4743000.0
187,187,greenje02,2016,15000000.0
188,188,teaguje01,2016,8000000.0
189,189,witheje01,2016,1015696.0
190,190,grantje01,2016,980431.0
191,191,lambje01,2016,7000000.0
192,192,linje01,2016,11483254.0
193,193,grantje02,2016,1643040.0
194,194,bayleje01,2016,9424084.0
195,195,butleji01,2016,17552209.0
196,196,noahjo01,2016,17000000.0
197,197,meeksjo01,2016,6540000.0
198,198,harrijo01,2016,980431.0
199,199,inglejo01,2016,2100000.0
200,200,johnsjo02,2016,11000000.0
201,201,youngjo01,2016,0.0
202,202,bolomjo01,2016,600000.0
203,203,embiijo01,2016,4826160.0
204,204,lauvejo01,2016,1709719.0
205,205,hensojo01,2016,12267606.0
206,206,jenkijo01,2016,1050961.0
207,207,lucasjo02,2016,0.0
208,208,walljo01,2016,15756438.0
209,209,leuerjo01,2016,10991957.0
210,210,jerebjo01,2016,5000000.0
211,211,valanjo01,2016,14382023.0
212,212,simmojo02,2016,874636.0
213,213,clarkjo01,2016,12500000.0
214,214,hilljo01,2016,4000000.0
215,215,mcraejo01,2016,874636.0
216,216,mickejo01,2016,1223653.0
217,217,caldejo01,2016,7708427.0
218,218,huestjo01,2016,1191480.0
219,219,mcrobjo01,2016,5782450.0
220,220,richajo01,2016,874636.0
221,221,holidjr01,2016,11000000.0
222,222,hernaju01,2016,1987440.0
223,223,randlju01,2016,3267120.0
224,224,anderju01,2016,1514160.0
225,225,hamilju01,2016,3000000.0
226,226,holidju01,2016,1015696.0
227,227,winslju01,2016,2593440.0
228,228,nurkiju01,2016,1921320.0
229,229,mcdankj01,2016,0.0
230,230,townska01,2016,5960160.0
231,231,leonaka01,2016,17638063.0
232,232,feldeka01,2016,543471.0
233,233,olynyke01,2016,3094013.0
234,234,walkeke02,2016,12000000.0
235,235,farieke01,2016,12078652.0
236,236,bazemke01,2016,15730337.0
237,237,caldwke01,2016,3678319.0
238,238,duranke01,2016,26540100.0
239,239,loveke01,2016,21165675.0
240,240,serapke01,2016,1800000.0
241,241,looneke01,2016,1182840.0
242,242,middlkh01,2016,15200000.0
243,243,thompkl01,2016,16663575.0
244,244,koufoko01,2016,8046500.0
245,245,dunnkr01,2016,3872520.0
246,246,humphkr01,2016,8630000.0
247,247,porzikr01,2016,4317720.0
248,248,anderky01,2016,1192080.0
249,249,korveky01,2016,5239437.0
250,250,lowryky01,2016,12000000.0
251,251,oquinky01,2016,3918750.0
252,252,singlky01,2016,4837500.0
253,253,wiltjky01,2016,543471.0
254,254,irvinky01,2016,17638063.0
255,255,aldrila01,2016,20575005.0
256,256,thomala01,2016,6191000.0
257,257,gallola01,2016,5200000.0
258,258,allenla01,2016,3500000.0
259,259,barbole01,2016,4000000.0
260,260,jamesle01,2016,30963450.0
261,261,willilo02,2016,0.0
262,262,mbahalu01,2016,2203000.0
263,263,noguelu01,2016,1921320.0
264,264,scolalu01,2016,5000000.0
265,265,babbilu01,2016,1227286.0
266,266,denglu01,2016,18000000.0
267,267,richama01,2016,1439880.0
268,268,brogdma01,2016,875000.0
269,269,delanma01,2016,2500000.0
270,270,beaslma01,2016,1627320.0
271,271,ginobma01,2016,14000000.0
272,272,gasolma01,2016,21165675.0
273,273,huertma01,2016,1500000.0
274,274,gortama01,2016,12000000.0
275,275,belinma01,2016,6333333.0
276,276,morrima03,2016,4625000.0
277,277,smartma01,2016,3578880.0
278,278,thornma01,2016,1315448.0
279,279,hezonma01,2016,3909840.0
280,280,morrima02,2016,7400000.0
281,281,chrisma01,2016,2941440.0
282,282,speigma01,2016,1403611.0
283,283,plumlma02,2016,543471.0
284,284,willima02,2016,12250000.0
285,285,plumlma01,2016,2328530.0
286,286,barnema02,2016,6508351.0
287,287,dellama01,2016,9607500.0
288,288,harklma01,2016,0.0
289,289,ndourma01,2016,543471.0
290,290,artesro01,2016,1551659.0
291,291,leoname01,2016,9213484.0
292,292,beaslmi01,2016,1403611.0
293,293,cartemi01,2016,3183526.0
294,294,gbinimi01,2016,650000.0
295,295,kiddgmi01,2016,13000000.0
296,296,conlemi01,2016,26540100.0
297,297,dunlemi02,2016,4837500.0
298,298,millemi01,2016,3500000.0
299,299,muscami01,2016,1015696.0
300,300,scottmi01,2016,3333333.0
301,301,plumlmi01,2016,12400000.0
302,302,kuzmimi01,2016,2898000.0
303,303,teletmi01,2016,10500000.0
304,304,ellismo01,2016,10763500.0
305,305,harremo01,2016,1045000.0
306,306,turnemy01,2016,2380440.0
307,307,bjeline01,2016,3800000.0
308,308,noelne01,2016,4384490.0
309,309,collini01,2016,3750000.0
310,310,youngni01,2016,5443918.0
311,311,batumni01,2016,20869566.0
312,312,brussni01,2016,543471.0
313,313,stausni01,2016,2993040.0
314,314,jokicni01,2016,1358500.0
315,315,mirotni01,2016,5782450.0
316,316,vucevni01,2016,11750000.0
317,317,vonleno01,2016,2751360.0
318,318,powelno01,2016,874636.0
319,319,asikom01,2016,9904494.0
320,320,casspom01,2016,3149524.0
321,321,porteot01,2016,5893981.0
322,322,tuckepj01,2016,0.0
323,323,siakapa01,2016,1196040.0
324,324,connapa01,2016,874636.0
325,325,beverpa01,2016,6000000.0
326,326,mccawpa01,2016,543471.0
327,327,pattepa01,2016,6050000.0
328,328,millspa02,2016,0.0
329,329,gasolpa01,2016,15500000.0
330,330,georgpa01,2016,18100000.0
331,331,millspa01,2016,20072033.0
332,332,piercpa01,2016,3527920.0
333,333,zipsepa01,2016,750000.0
334,334,jackspi01,2016,191810.0
335,335,acyqu01,2016,2965505.0
336,336,rondora01,2016,14000000.0
337,337,chrisra01,2016,1052342.0
338,338,sessira01,2016,6000000.0
339,339,foyera01,2016,2500000.0
340,340,vaughra01,2016,1811040.0
341,341,netora01,2016,877800.0
342,342,feltora01,2016,1551659.0
343,343,bullore01,2016,2255644.0
344,344,jacksre01,2016,14956522.0
345,345,jefferi01,2016,2500000.0
346,346,holmeri01,2016,1024000.0
347,347,rubiori01,2016,13400000.0
348,348,covinro01,2016,1015696.0
349,349,lopezro01,2016,13219250.0
350,350,hoodro01,2016,1406520.0
351,351,mcgruro01,2016,543471.0
352,352,stuckro01,2016,7000000.0
353,353,bakerro01,2016,543471.0
354,354,holliro01,2016,1395600.0
355,355,hibbero01,2016,5000000.0
356,356,gayru01,2016,13333333.0
357,357,goberru01,2016,2121287.0
358,358,westbru01,2016,26540100.0
359,359,anderry01,2016,18735364.0
360,360,kellyry01,2016,713305.0
361,361,mejrisa01,2016,874636.0
362,362,dekkesa01,2016,1720560.0
363,363,vujacsa01,2016,1410598.0
364,364,kilpase01,2016,980431.0
365,365,chrisse01,2016,543471.0
366,366,ibakase01,2016,12250000.0
367,367,rodrise01,2016,6800000.0
368,368,curryse01,2016,2898000.0
369,369,muhamsh01,2016,3046299.0
370,370,napiesh01,2016,1350120.0
371,371,livinsh01,2016,5782450.0
372,372,mcclesh01,2016,543471.0
373,373,macksh01,2016,2433334.0
374,374,labissk01,2016,1188840.0
375,375,hillso01,2016,11709603.0
376,376,dinwisp01,2016,726672.0
377,377,hawessp01,2016,5782450.0
378,378,johnsst04,2016,2969880.0
379,379,curryst01,2016,12112359.0
380,380,zimmest01,2016,950000.0
381,381,novakst01,2016,1551659.0
382,382,adamsst01,2016,3140517.0
383,383,mccontj01,2016,0.0
384,384,warretj01,2016,0.0
385,385,gibsota01,2016,8950000.0
386,386,blackta01,2016,6191000.0
387,387,joneste01,2016,1207194.0
388,388,rosste01,2016,10000000.0
389,389,roziete01,2016,1906440.0
390,390,sefolth01,2016,4000000.0
391,391,youngth01,2016,12078652.0
392,392,robinth01,2016,1050961.0
393,393,makerth01,2016,2568600.0
394,394,splitti01,2016,8250000.0
395,395,fraziti01,2016,2090000.0
396,396,hardati02,2016,2281605.0
397,397,quartti01,2016,543471.0
398,398,mozgoti01,2016,16000000.0
399,399,luwawti01,2016,1326960.0
400,400,harrito02,2016,17200000.0
401,401,satorto01,2016,2870813.0
402,402,allento01,2016,5000000.0
403,403,parketo01,2016,14445313.0
404,404,snellto01,2016,2368327.0
405,405,grahatr01,2016,543471.0
406,406,arizatr01,2016,7800000.0
407,407,booketr01,2016,9250000.0
408,408,burketr01,2016,3386597.0
409,409,lylestr01,2016,2340600.0
410,410,thomptr01,2016,15330435.0
411,411,danietr01,2016,3332940.0
412,412,willitr02,2016,652165.0
413,413,lawsoty01,2016,1315448.0
414,414,ennisty01,2016,1733880.0
415,415,johnsty01,2016,5628000.0
416,416,ulisty01,2016,918369.0
417,417,zellety01,2016,8000000.0
418,418,evansty01,2016,10203755.0
419,419,chandty01,2016,12415000.0
420,420,jonesty01,2016,1339680.0
421,421,hasleud01,2016,4000000.0
422,422,oladivi01,2016,6552960.0
423,423,cartevi01,2016,4264057.0
424,424,baldwwa01,2016,1793760.0
425,425,ellinwa01,2016,6000000.0
426,426,johnswe01,2016,5628000.0
427,427,matthwe02,2016,17145838.0
428,428,bartowi01,2016,3533333.0
429,429,caulewi01,2016,3551160.0
430,430,reedwi02,2016,0.0
431,431,hernawi01,2016,1375000.0
432,432,chandwi01,2016,11233146.0
433,433,lavinza01,2016,2240880.0
434,434,randoza01,2016,10000000.0
435,435,pachuza01,2016,2898000.0
0,436,brookaa01,2017,2116955.0
1,437,gordoaa01,2017,5504419.0
2,438,naderab01,2017,1167333.0
3,439,paynead01,2017,77250.0
4,440,aminual01,2017,7319035.0
5,441,horfoal01,2017,27734405.0
6,442,jeffeal01,2017,9769821.0
7,443,willial03,2017,6000000.0
8,444,burksal01,2017,10845506.0
9,445,peteral01,2017,77250.0
10,446,abrinal01,2017,5725000.0
11,447,carusal01,2017,77250.0
12,448,lenal01,2017,4187599.0
13,449,poythal01,2017,778668.0
14,450,mckinal01,2017,815615.0
15,451,crabbal01,2017,18500000.0
16,452,johnsam01,2017,11000000.0
17,453,drumman01,2017,23775506.0
18,454,iguodan01,2017,14814815.0
19,455,roberan03,2017,9259260.0
20,456,bogutan01,2017,1078810.0
21,457,harrian01,2017,1312611.0
22,458,whitean01,2017,77250.0
23,459,wiggian01,2017,7574322.0
24,460,zizican01,2017,1645200.0
25,461,brownan02,2017,77250.0
26,462,davisan02,2017,23775506.0
27,463,tollian01,2017,5290000.0
28,464,blakean01,2017,77250.0
29,465,clevean01,2017,384116.0
30,466,baynear01,2017,4300000.0
31,467,afflaar01,2017,5328652.0
32,468,riverau01,2017,11825000.0
33,469,bradlav01,2017,8808989.0
34,470,adebaba01,2017,2490360.0
35,471,mclembe01,2017,5200000.0
36,472,moorebe01,2017,77250.0
37,473,simmobe01,2017,6168840.0
38,474,biyombi01,2017,17000000.0
39,475,griffbl01,2017,29512900.0
40,476,marjabo01,2017,5881260.0
41,477,brownbo02,2017,1231500.0
42,478,portibo01,2017,1516320.0
43,479,bogdabo01,2017,9470614.0
44,480,bogdabo02,2017,10500000.0
45,481,bealbr01,2017,23775506.0
46,482,wrighbr03,2017,5955760.0
47,483,ingrabr01,2017,5519400.0
48,484,paulbr01,2017,815615.0
49,485,weberbr01,2017,160378.0
50,486,johnsbr02,2017,1331160.0
51,487,lopezbr01,2017,22642350.0
52,488,cabocbr01,2017,2451224.0
53,489,forbebr01,2017,1312611.0
54,490,hieldbu01,2017,3675480.0
55,491,milescj01,2017,0.0
56,492,willicj01,2017,0.0
57,493,swanica01,2017,1465920.0
58,494,payneca01,2017,2203440.0
59,495,leverca01,2017,1632480.0
60,496,anthoca01,2017,26243760.0
61,497,osmande01,2017,2642857.0
62,498,parsoch01,2017,23112004.0
63,499,fryech01,2017,7420912.0
64,500,cookech01,2017,77250.0
65,501,diallch01,2017,1312611.0
66,502,onuakch01,2017,1312611.0
67,503,bouchch01,2017,77250.0
68,504,mcculch01,2017,1471382.0
69,505,paulch01,2017,24268959.0
70,506,mccolcj01,2017,23962573.0
71,507,capelca01,2017,2334528.0
72,508,zelleco01,2017,12584270.0
73,509,aldrico01,2017,7300000.0
74,510,breweco01,2017,8105615.0
75,511,josepco01,2017,7630000.0
76,512,leeco01,2017,11747890.0
77,513,feliccr01,2017,7843500.0
78,514,russeda01,2017,5562360.0
79,515,augusdj01,2017,0.0
80,516,wilsodj01,2017,0.0
81,517,johnsda04,2017,815615.0
82,518,jonesda03,2017,1312611.0
83,519,lillada01,2017,26153057.0
84,520,wilkida02,2017,992696.0
85,521,dotsoda01,2017,1100000.0
86,522,hamilda02,2017,77250.0
87,523,theisda01,2017,815615.0
88,524,gallida01,2017,20559599.0
89,525,greenda02,2017,10000000.0
90,526,cunnida01,2017,2300000.0
91,527,exumda01,2017,4992385.0
92,528,houseda01,2017,77250.0
93,529,saricda01,2017,2422560.0
94,530,milleda01,2017,2100000.0
95,531,arthuda01,2017,7464912.0
96,532,collida01,2017,10000000.0
97,533,hillida01,2017,77250.0
98,534,nwabada01,2017,1312611.0
99,535,westda01,2017,2328652.0
100,536,bertada01,2017,1312611.0
101,537,reedda01,2017,815615.0
102,538,foxde01,2017,4609200.0
103,539,bembrde01,2017,0.0
104,540,jordade01,2017,22642350.0
105,541,liggide01,2017,1505942.0
106,542,murrade01,2017,1312611.0
107,543,wrighde01,2017,1645200.0
108,544,derozde01,2017,27739975.0
109,545,couside01,2017,18063850.0
110,546,carrode01,2017,14800000.0
111,547,jacksde01,2017,319266.0
112,548,schrode01,2017,15500000.0
113,549,smithde03,2017,3218280.0
114,550,valende01,2017,2186400.0
115,551,favorde01,2017,12000000.0
116,552,jonesde02,2017,462875.0
117,553,rosede01,2017,2533488.0
118,554,waltode01,2017,77250.0
119,555,whitede01,2017,1404600.0
120,556,bookede01,2017,2319360.0
121,557,harride01,2017,4402546.0
122,558,robinde01,2017,77250.0
123,559,dedmode01,2017,6900000.0
124,560,davisde01,2017,1312611.0
125,561,brookdi01,2017,815615.0
126,562,waitedi01,2017,12100000.0
127,563,nowitdi01,2017,5000000.0
128,564,sabondo01,2017,2550000.0
129,565,mitchdo01,2017,2621280.0
130,566,finnedo01,2017,1312611.0
131,567,mcderdo01,2017,3294994.0
132,568,bendedr01,2017,4468800.0
133,569,greendr01,2017,16400000.0
134,570,bacondw01,2017,815615.0
135,571,buyckdw01,2017,748160.0
136,572,howardw01,2017,23500000.0
137,573,poweldw01,2017,9003125.0
138,574,wadedw01,2017,17878652.0
139,575,mooreet01,2017,8445024.0
140,576,davised01,2017,6352531.0
141,577,sumneed01,2017,77250.0
142,578,udohek01,2017,3200000.0
143,579,paytoel01,2017,3332340.0
144,580,mudiaem01,2017,3381480.0
145,581,kanteen01,2017,17884176.0
146,582,bledser01,2017,14500000.0
147,583,gordoer01,2017,12943020.0
148,584,moreler01,2017,1740000.0
149,585,mccreer01,2017,77250.0
150,586,ilyaser01,2017,6514288.0
151,587,fournev01,2017,17000000.0
152,588,turneev01,2017,17131148.0
153,589,kaminfr01,2017,2847600.0
154,590,ntilila01,2017,3501120.0
155,591,vanvlfr01,2017,1312611.0
156,592,korkmfu01,2017,1465920.0
157,593,templga01,2017,8000000.0
158,594,harriga01,2017,2550055.0
159,595,hillge01,2017,20000000.0
160,596,papagge01,2017,2486757.0
161,597,greenge01,2017,1381403.0
162,598,antetgi01,2017,22471911.0
163,599,robingl02,2017,1524305.0
164,600,dragigo01,2017,17000450.0
165,601,haywago01,2017,29727900.0
166,602,dienggo01,2017,14112360.0
167,603,monrogr01,2017,21384175.0
168,604,yabusgu01,2017,2247480.0
169,605,barneha02,2017,23112004.0
170,606,whiteha01,2017,23775506.0
171,607,ellenhe01,2017,1780800.0
172,608,clarkia01,2017,1577230.0
173,609,mahinia01,2017,16000000.0
174,610,anigbik01,2017,950000.0
175,611,shumpim01,2017,10337079.0
176,612,canaais01,2017,1113863.0
177,613,hicksis01,2017,77250.0
178,614,taylois01,2017,1312611.0
179,615,thomais02,2017,6261394.0
180,616,whiteis01,2017,1312611.0
181,617,smithis01,2017,0.0
182,618,rabbiv01,2017,950000.0
183,619,zubaciv01,2017,1312611.0
184,620,bareajo01,2017,0.0
185,621,redicjj01,2017,0.0
186,622,smithjr01,2017,0.0
187,623,birdja01,2017,77250.0
188,624,parkeja01,2017,6782392.0
189,625,cooleja01,2017,77250.0
190,626,pulleja01,2017,77250.0
191,627,wileyja01,2017,77250.0
192,628,crowdja01,2017,6796117.0
193,629,okafoja01,2017,4995120.0
194,630,sampsja02,2017,77250.0
195,631,laymaja01,2017,1312611.0
196,632,poeltja01,2017,0.0
197,633,jonesja04,2017,77250.0
198,634,crawfja01,2017,15270762.0
199,635,murraja01,2017,3355320.0
200,636,nelsoja01,2017,6998920.0
201,637,artisja01,2017,77250.0
202,638,ennisja01,2017,3028410.0
203,639,hardeja01,2017,28299399.0
204,640,johnsja01,2017,13734000.0
205,641,mcadoja01,2017,77250.0
206,642,youngja01,2017,77250.0
207,643,wilsoja02,2017,77250.0
208,644,greenja01,2017,8533333.0
209,645,dudleja01,2017,10000000.0
210,646,martija01,2017,1471382.0
211,647,allenja01,2017,1713720.0
212,648,jackja01,2017,2328652.0
213,649,smithja02,2017,5225000.0
214,650,terryja01,2017,2328652.0
215,651,mcgeeja01,2017,2116955.0
216,652,evansja01,2017,815615.0
217,653,brownja02,2017,4956480.0
218,654,tatumja01,2017,5645400.0
219,655,greenje02,2017,2116955.0
220,656,teaguje01,2017,19000000.0
221,657,witheje01,2017,593780.0
222,658,grantje01,2017,1524305.0
223,659,lambje01,2017,7000000.0
224,660,linje01,2017,12000000.0
225,661,grantje02,2017,1713840.0
226,662,bayleje01,2017,9000000.0
227,663,butleji01,2017,18696918.0
228,664,noahjo01,2017,17765000.0
229,665,meeksjo01,2017,3290000.0
230,666,harrijo01,2017,1524305.0
231,667,inglejo01,2017,13636364.0
232,668,johnsjo02,2017,10254904.0
233,669,youngjo01,2017,0.0
234,670,bolomjo01,2017,708200.0
235,671,embiijo01,2017,6100266.0
236,672,lauvejo01,2017,1524305.0
237,673,collijo01,2017,1936920.0
238,674,hensojo01,2017,11422536.0
239,675,hollajo02,2017,77250.0
240,676,walljo01,2017,18063850.0
241,677,motlejo01,2017,77250.0
242,678,obryajo01,2017,1524305.0
243,679,leuerjo01,2017,10497319.0
244,680,jerebjo01,2017,4000000.0
245,681,valanjo01,2017,15460675.0
246,682,isaacjo01,2017,4186320.0
247,683,simmojo02,2017,6300000.0
248,684,belljo01,2017,815615.0
249,685,clarkjo01,2017,11562500.0
250,686,mickejo01,2017,1471382.0
251,687,caldejo01,2017,2328652.0
252,688,hartjo01,2017,1394520.0
253,689,huestjo01,2017,1471382.0
254,690,jacksjo02,2017,5090040.0
255,691,magetjo01,2017,77250.0
256,692,mcrobjo01,2017,6021175.0
257,693,richajo01,2017,1471382.0
258,694,holidjr01,2017,25686667.0
259,695,hernaju01,2017,2076840.0
260,696,randlju01,2017,4149242.0
261,697,stoneju01,2017,1524305.0
262,698,anderju01,2017,1579440.0
263,699,holidju01,2017,4500000.0
264,700,jacksju01,2017,2365560.0
265,701,pattoju01,2017,2247480.0
266,702,winslju01,2017,2705040.0
267,703,nurkiju01,2017,2947304.0
268,704,allenka01,2017,77250.0
269,705,townska01,2017,6216840.0
270,706,leonaka01,2017,18868625.0
271,707,feldeka01,2017,551866.0
272,708,olynyke01,2017,12007169.0
273,709,walkeke02,2017,12000000.0
274,710,farieke01,2017,12921348.0
275,711,bazemke01,2017,16910112.0
276,712,caldwke01,2017,17745894.0
277,713,duranke01,2017,25000000.0
278,714,loveke01,2017,22642350.0
279,715,looneke01,2017,1471382.0
280,716,birchkh01,2017,815615.0
281,717,middlkh01,2017,14100000.0
282,718,thompkl01,2017,17826150.0
283,719,simmoko01,2017,77250.0
284,720,koufoko01,2017,8393000.0
285,721,dunnkr01,2017,4046760.0
286,722,porzikr01,2017,4503600.0
287,723,anderky01,2017,2151704.0
288,724,colliky01,2017,595702.0
289,725,korveky01,2017,7000000.0
290,726,kuzmaky01,2017,1423560.0
291,727,lowryky01,2017,28903704.0
292,728,oquinky01,2017,4087500.0
293,729,singlky01,2017,4666500.0
294,730,irvinky01,2017,18868626.0
295,731,aldrila01,2017,21461010.0
296,732,stephla01,2017,4180000.0
297,733,thomala01,2017,6655325.0
298,734,gallola01,2017,6666667.0
299,735,markkla01,2017,3821640.0
300,736,jamesle01,2017,33285709.0
301,737,perralo01,2017,77250.0
302,738,balllo01,2017,6286560.0
303,739,brownlo01,2017,77250.0
304,740,willilo02,2017,0.0
305,741,mbahalu01,2017,2116955.0
306,742,noguelu01,2017,2947304.0
307,743,montelu01,2017,77250.0
308,744,babbilu01,2017,1974159.0
309,745,kennalu01,2017,2759280.0
310,746,kornelu01,2017,77250.0
311,747,denglu01,2017,17190000.0
312,748,richama01,2017,1504560.0
313,749,brogdma01,2017,1312611.0
314,750,delanma01,2017,2500000.0
315,751,millema01,2017,77250.0
316,752,beaslma01,2017,1700640.0
317,753,monkma01,2017,2904480.0
318,754,mathima01,2017,77250.0
319,755,ginobma01,2017,2500000.0
320,756,gasolma01,2017,22642350.0
321,757,gortama01,2017,12782609.0
322,758,belinma01,2017,7082277.0
323,759,georgma01,2017,1312611.0
324,760,morrima03,2017,5000000.0
325,761,paigema01,2017,77250.0
326,762,smartma01,2017,4538019.0
327,763,chalmma01,2017,2106407.0
328,764,hezonma01,2017,4078320.0
329,765,fultzma01,2017,7026240.0
330,766,morrima02,2017,8000000.0
331,767,chrisma01,2017,3073800.0
332,768,speigma01,2017,2116955.0
333,769,willima02,2017,13168750.0
334,770,plumlma01,2017,14041096.0
335,771,costema01,2017,77250.0
336,772,willima05,2017,77250.0
337,773,dellama01,2017,9607500.0
338,774,harklma01,2017,0.0
339,775,klebima01,2017,815615.0
340,776,leoname01,2017,9904495.0
341,777,beaslmi01,2017,2116955.0
342,778,cartemi01,2017,2700000.0
343,779,kiddgmi01,2017,13000000.0
344,780,conlemi01,2017,28530608.0
345,781,jamesmi02,2017,164802.0
346,782,muscami01,2017,5000000.0
347,783,scottmi01,2017,1709538.0
348,784,plumlmi01,2017,12400000.0
349,785,teodomi01,2017,6000000.0
350,786,doylemi01,2017,127250.0
351,787,kuzmimi01,2017,3028410.0
352,788,teletmi01,2017,10500000.0
353,789,morrimo01,2017,77250.0
354,790,harremo01,2017,1471382.0
355,791,henrymy01,2017,77250.0
356,792,turnemy01,2017,2483040.0
357,793,woltena01,2017,77250.0
358,794,mitrona01,2017,0.0
359,795,bjeline01,2017,3950000.0
360,796,noelne01,2017,4187599.0
361,797,collini01,2017,2328652.0
362,798,youngni01,2017,5192000.0
363,799,batumni01,2017,22434783.0
364,800,brussni01,2017,393041.0
365,801,stausni01,2017,3807146.0
366,802,jokicni01,2017,1471382.0
367,803,mirotni01,2017,12500000.0
368,804,vucevni01,2017,12250000.0
369,805,vonleno01,2017,4031018.0
370,806,powelno01,2017,1471382.0
371,807,anunoog01,2017,1645200.0
372,808,whiteok01,2017,1460927.0
373,809,asikom01,2017,10595505.0
374,810,casspom01,2017,2106470.0
375,811,porteot01,2017,24773250.0
376,812,tuckepj01,2017,0.0
377,813,siakapa01,2017,1312611.0
378,814,connapa01,2017,1471382.0
379,815,beverpa01,2017,5513514.0
380,816,mccawpa01,2017,1312611.0
381,817,pattepa01,2017,5192000.0
382,818,millspa02,2017,0.0
383,819,gasolpa01,2017,16000000.0
384,820,georgpa01,2017,19300000.0
385,821,millspa01,2017,30769231.0
386,822,zipsepa01,2017,1312611.0
387,823,doziepj01,2017,77250.0
388,824,acyqu01,2017,1709538.0
389,825,pondequ01,2017,3853931.0
390,826,cookqu01,2017,189832.0
391,827,hunterj01,2017,0.0
392,828,rondora01,2017,6300000.0
393,829,sessira01,2017,2986463.0
394,830,vaughra01,2017,2338653.0
395,831,netora01,2017,1471382.0
396,832,feltora01,2017,2328652.0
397,833,bullore01,2017,2500000.0
398,834,hearnre01,2017,77250.0
399,835,jacksre01,2017,16000000.0
400,836,jefferi01,2017,4828652.0
401,837,holmeri01,2017,1471382.0
402,838,rubiori01,2017,14100000.0
403,839,covinro01,2017,16698103.0
404,840,lopezro01,2017,13788500.0
405,841,hoodro01,2017,2386864.0
406,842,mcgruro01,2017,1312611.0
407,843,bakerro01,2017,4328000.0
408,844,holliro01,2017,1455720.0
409,845,onealro01,2017,815615.0
410,846,gayru01,2017,8406000.0
411,847,goberru01,2017,21224719.0
412,848,westbru01,2017,28299399.0
413,849,anderry01,2017,19578455.0
414,850,arcidry01,2017,77250.0
415,851,mejrisa01,2017,1471382.0
416,852,dekkesa01,2017,1794600.0
417,853,kilpase01,2017,4774445.0
418,854,ojelese01,2017,1291892.0
419,855,ibakase01,2017,20061729.0
420,856,muhamsh01,2017,1924755.0
421,857,napiesh01,2017,2361359.0
422,858,larkish01,2017,1524305.0
423,859,livinsh01,2017,7692308.0
424,860,macksh01,2017,6000000.0
425,861,thornsi01,2017,815615.0
426,862,labissk01,2017,1312611.0
427,863,hillso01,2017,12236535.0
428,864,dinwisp01,2017,1524305.0
429,865,johnsst04,2017,3097800.0
430,866,curryst01,2017,34682550.0
431,867,brownst02,2017,815615.0
432,868,adamsst01,2017,22471911.0
433,869,leaftj01,2017,0.0
434,870,mccontj01,2017,0.0
435,871,warretj01,2017,0.0
436,872,gibsota01,2017,14000000.0
437,873,blackta01,2017,3290000.0
438,874,fergute01,2017,1785000.0
439,875,rosste01,2017,10500000.0
440,876,roziete01,2017,1988520.0
441,877,sefolth01,2017,5250000.0
442,878,youngth01,2017,12921348.0
443,879,bryanth01,2017,815615.0
444,880,makerth01,2017,3086784.0
445,881,fraziti01,2017,2000000.0
446,882,hardati02,2017,16500000.0
447,883,mozgoti01,2017,15280000.0
448,884,luwawti01,2017,1594590.0
449,885,harrito02,2017,16000000.0
450,886,satorto01,2017,3000000.0
451,887,allento01,2017,1471382.0
452,888,bradlto01,2017,1414920.0
453,889,parketo01,2017,15453126.0
454,890,snellto01,2017,9821429.0
455,891,craigto01,2017,77250.0
456,892,grahatr01,2017,1312611.0
457,893,arizatr01,2017,7400000.0
458,894,booketr01,2017,9571137.0
459,895,burketr01,2017,784160.0
460,896,lylestr01,2017,2441400.0
461,897,thomptr01,2017,16400000.0
462,898,danietr01,2017,3408520.0
463,899,willitr02,2017,1842176.0
464,900,cavanty01,2017,77250.0
465,901,dorsety01,2017,815615.0
466,902,ennisty01,2017,1524305.0
467,903,johnsty01,2017,5821260.0
468,904,lydonty01,2017,1579440.0
469,905,ulisty01,2017,1312611.0
470,906,zellety01,2017,1709538.0
471,907,evansty01,2017,3290000.0
472,908,wallaty01,2017,77250.0
473,909,chandty01,2017,13000000.0
474,910,jonesty01,2017,1471382.0
475,911,hasleud01,2017,2328652.0
476,912,blueva01,2017,77250.0
477,913,oladivi01,2017,21000000.0
478,914,cartevi01,2017,8000000.0
479,915,huntevi01,2017,77250.0
480,916,baldwwa01,2017,2254292.0
481,917,ellinwa01,2017,6270000.0
482,918,seldewa01,2017,1312611.0
483,919,iwundwe01,2017,1050000.0
484,920,johnswe01,2017,5881260.0
485,921,matthwe02,2017,17884175.0
486,922,bartowi01,2017,3533333.0
487,923,caulewi01,2017,3704160.0
488,924,reedwi02,2017,1471382.0
489,925,hernawi01,2017,1435750.0
490,926,chandwi01,2017,12016854.0
491,927,munfoxa02,2017,77250.0
492,928,ferreyo01,2017,1312611.0
493,929,colliza01,2017,3057240.0
494,930,lavinza01,2017,3202217.0
495,931,randoza01,2017,12307692.0
496,932,pachuza01,2017,3477600.0
497,933,qizh01,2017,815615.0
0,934,gordoaa01,2018,21590909.0
1,935,holidaa01,2018,1914480.0
2,936,naderab01,2018,1378242.0
3,937,aminual01,2018,6957105.0
4,938,horfoal01,2018,28928710.0
5,939,burksal01,2018,11536515.0
6,940,abrinal01,2018,3667645.0
7,941,carusal01,2018,77250.0
8,942,lenal01,2018,4350000.0
9,943,poythal01,2018,77250.0
10,944,mckinal01,2018,1349383.0
11,945,johnsal02,2018,838464.0
12,946,crabbal01,2018,19332500.0
13,947,trieral01,2018,3382000.0
14,948,jeffeam01,2018,77250.0
15,949,johnsam01,2018,2393887.0
16,950,drumman01,2018,25434262.0
17,951,iguodan01,2018,16000000.0
18,952,harrian01,2018,354500.0
19,953,wiggian01,2018,25467250.0
20,954,simonan01,2018,1837800.0
21,955,delgaan01,2018,77250.0
22,956,zizican01,2018,1952760.0
23,957,davisan02,2018,25434263.0
24,958,tollian01,2018,5750000.0
25,959,blakean01,2018,1349383.0
26,960,baynear01,2018,5193600.0
27,961,riverau01,2018,13155324.0
28,962,bradlav01,2018,12000000.0
29,963,adebaba01,2018,2955840.0
30,964,mclembe01,2018,5460000.0
31,965,simmobe01,2018,6434520.0
32,966,biyombi01,2018,17000000.0
33,967,griffbl01,2018,31873932.0
34,968,marjabo01,2018,9490740.0
35,969,portibo01,2018,2494346.0
36,970,bogdabo01,2018,9000000.0
37,971,bogdabo02,2018,10500000.0
38,972,wanambr01,2018,838464.0
39,973,bealbr01,2018,25434262.0
40,974,goodwbr01,2018,56845.0
41,975,ingrabr01,2018,5757120.0
42,976,knighbr03,2018,14631250.0
43,977,sampsbr01,2018,77250.0
44,978,lopezbr01,2018,3382000.0
45,979,brownbr01,2018,838464.0
46,980,forbebr01,2018,3125000.0
47,981,hieldbu01,2018,3833760.0
48,982,milescj01,2018,0.0
49,983,willicj01,2018,0.0
50,984,swanica01,2018,1740000.0
51,985,payneca01,2018,3440356.0
52,986,leverca01,2018,1702800.0
53,987,anthoca01,2018,2393887.0
54,988,osmande01,2018,2775000.0
55,989,hutchch01,2018,1991520.0
56,990,parsoch01,2018,24107258.0
57,991,fryech01,2018,2393887.0
58,992,randlch01,2018,975824.0
59,993,diallch01,2018,1544951.0
60,994,metuch01,2018,838464.0
61,995,bouchch01,2018,457418.0
62,996,paulch01,2018,35654150.0
63,997,woodch01,2018,1512601.0
64,998,mccolcj01,2018,25759766.0
65,999,capelca01,2018,15793104.0
66,1000,zelleco01,2018,13528090.0
67,1001,sextoco01,2018,4073760.0
68,1002,josepco01,2018,7945000.0
69,1003,leeco01,2018,12253780.0
70,1004,feliccr01,2018,8470980.0
71,1005,russeda01,2018,7019698.0
72,1006,augusdj01,2018,0.0
73,1007,wilsodj01,2018,0.0
74,1008,jonesda03,2018,1544951.0
75,1009,lillada01,2018,27977689.0
76,1010,leeda03,2018,77250.0
77,1011,dotsoda01,2018,1378242.0
78,1012,hamilda02,2018,1349383.0
79,1013,theisda01,2018,1378242.0
80,1014,gallida01,2018,21587579.0
81,1015,greenda02,2018,10000000.0
82,1016,cunnida01,2018,2487000.0
83,1017,exumda01,2018,10600000.0
84,1018,houseda01,2018,247827.0
85,1019,saricda01,2018,2526840.0
86,1020,milleda01,2018,2205000.0
87,1021,collida01,2018,10000000.0
88,1022,maconda01,2018,77250.0
89,1023,nwabada01,2018,1512601.0
90,1024,bertada01,2018,7000000.0
91,1025,reedda01,2018,752250.0
92,1026,foxde01,2018,5470920.0
93,1027,meltode01,2018,949000.0
94,1028,bembrde01,2018,0.0
95,1029,aytonde01,2018,8175840.0
96,1030,jordade01,2018,22897200.0
97,1031,wrighde01,2018,2536898.0
98,1032,derozde01,2018,27739975.0
99,1033,couside01,2018,5337000.0
100,1034,carrode01,2018,15400000.0
101,1035,jacksde01,2018,170107.0
102,1036,schrode01,2018,15500000.0
103,1037,smithde03,2018,3819960.0
104,1038,burtode02,2018,500000.0
105,1039,favorde01,2018,16900000.0
106,1040,jonesde02,2018,1512601.0
107,1041,rosede01,2018,2176260.0
108,1042,whitede01,2018,1667160.0
109,1043,bookede01,2018,3314365.0
110,1044,harride01,2018,2393887.0
111,1045,robinde01,2018,77250.0
112,1046,grahade01,2018,0.0
113,1047,dedmode01,2018,6300000.0
114,1048,brookdi01,2018,1378242.0
115,1049,waitedi01,2018,12705000.0
116,1050,nowitdi01,2018,5000000.0
117,1051,sabondo01,2018,2659800.0
118,1052,mitchdo01,2018,3111480.0
119,1053,divindo01,2018,2484360.0
120,1054,grantdo01,2018,77250.0
121,1055,finnedo01,2018,1544951.0
122,1056,mcderdo01,2018,7333334.0
123,1057,bendedr01,2018,4661280.0
124,1058,greendr01,2018,17469565.0
125,1059,eubandr01,2018,77250.0
126,1060,robindu01,2018,77250.0
127,1061,bacondw01,2018,1378242.0
128,1062,howardw01,2018,24256725.0
129,1063,poweldw01,2018,9631250.0
130,1064,wadedw01,2018,2393887.0
131,1065,musadz01,2018,1634400.0
132,1066,mooreet01,2018,8808685.0
133,1067,davised01,2018,4449000.0
134,1068,sumneed01,2018,449794.0
135,1069,udohek01,2018,3360000.0
136,1070,paytoel01,2018,3000000.0
137,1071,okoboel01,2018,1238464.0
138,1072,mudiaem01,2018,4294479.0
139,1073,kanteen01,2018,19264603.0
140,1074,bledser01,2018,15000000.0
141,1075,gordoer01,2018,13500375.0
142,1076,moreler01,2018,309859.0
143,1077,ilyaser01,2018,7000000.0
144,1078,fournev01,2018,17000000.0
145,1079,turneev01,2018,17868853.0
146,1080,jacksfr01,2018,1378242.0
147,1081,kaminfr01,2018,3627842.0
148,1082,ntilila01,2018,4155720.0
149,1083,vanvlfr01,2018,8653847.0
150,1084,korkmfu01,2018,1740000.0
151,1085,templga01,2018,8000000.0
152,1086,clarkga01,2018,674122.0
153,1087,harriga01,2018,16517857.0
154,1088,hillge01,2018,19000000.0
155,1089,kingge03,2018,77250.0
156,1090,niangge01,2018,1512601.0
157,1091,greenge01,2018,1512601.0
158,1092,antetgi01,2018,24157304.0
159,1093,robingl02,2018,4075000.0
160,1094,dragigo01,2018,18109175.0
161,1095,haywago01,2018,31214295.0
162,1096,dienggo01,2018,15170787.0
163,1097,allengr01,2018,2076960.0
164,1098,monrogr01,2018,2410167.0
165,1099,yabusgu01,2018,2667600.0
166,1100,diallha01,2018,838464.0
167,1101,barneha02,2018,24107258.0
168,1102,gilesha01,2018,2207040.0
169,1103,whiteha01,2018,24434262.0
170,1104,ellenhe01,2018,2199311.0
171,1105,clarkia01,2018,1757429.0
172,1106,mahinia01,2018,16000000.0
173,1107,anigbik01,2018,1349383.0
174,1108,shumpim01,2018,11011234.0
175,1109,bongais01,2018,1000000.0
176,1110,briscis01,2018,838464.0
177,1111,harteis01,2018,838464.0
178,1112,hicksis01,2018,77250.0
179,1113,thomais02,2018,2029463.0
180,1114,smithis01,2018,0.0
181,1115,rabbiv01,2018,1378242.0
182,1116,zubaciv01,2018,1544951.0
183,1117,bareajo01,2018,0.0
184,1118,redicjj01,2018,0.0
185,1119,macurjp01,2018,0.0
186,1120,parkeja01,2018,20000000.0
187,1121,evansja02,2018,1646400.0
188,1122,crowdja01,2018,7305825.0
189,1123,okafoja01,2018,1567007.0
190,1124,laymaja01,2018,1544951.0
191,1125,poeltja01,2018,0.0
192,1126,brunsja01,2018,1230000.0
193,1127,jonesja04,2018,77250.0
194,1128,crawfja01,2018,4698113.0
195,1129,murraja01,2018,3499800.0
196,1130,ennisja01,2018,1621415.0
197,1131,hardeja01,2018,30570000.0
198,1132,johnsja01,2018,14420700.0
199,1133,nunnaja01,2018,663255.0
200,1134,greenja01,2018,8066667.0
201,1135,dudleja01,2018,9530000.0
202,1136,terreja01,2018,77250.0
203,1137,martija01,2018,2416221.0
204,1138,jacksja02,2018,5922720.0
205,1139,blossja01,2018,77250.0
206,1140,vandeja01,2018,838464.0
207,1141,allenja01,2018,2034120.0
208,1142,smithja02,2018,5450000.0
209,1143,mcgeeja01,2018,2393887.0
210,1144,evansja01,2018,1455492.0
211,1145,adamsja01,2018,236854.0
212,1146,brownja02,2018,5169960.0
213,1147,morrija01,2018,77250.0
214,1148,tatumja01,2018,6700800.0
215,1149,greenje02,2018,2393887.0
216,1150,teaguje01,2018,19000000.0
217,1151,grantje01,2018,8333333.0
218,1152,lambje01,2018,7000000.0
219,1153,linje01,2018,12516746.0
220,1154,grantje02,2018,2639313.0
221,1155,robinje01,2018,3050160.0
222,1156,bayleje01,2018,8575916.0
223,1157,carteje01,2018,838464.0
224,1158,butleji01,2018,19841627.0
225,1159,noahjo01,2018,20261172.0
226,1160,chealjo01,2018,77250.0
227,1161,harrijo01,2018,8333333.0
228,1162,inglejo01,2018,12545455.0
229,1163,embiijo01,2018,25467250.0
230,1164,collijo01,2018,2299080.0
231,1165,hensojo01,2018,10577466.0
232,1166,walljo01,2018,19169800.0
233,1167,motlejo01,2018,77250.0
234,1168,willijo04,2018,127250.0
235,1169,leuerjo01,2018,10002681.0
236,1170,boldejo01,2018,1690000.0
237,1171,jerebjo01,2018,2165481.0
238,1172,valanjo01,2018,16539326.0
239,1173,isaacjo01,2018,4969080.0
240,1174,simmojo02,2018,6000000.0
241,1175,belljo01,2018,1378242.0
242,1176,clarkjo01,2018,12500000.0
243,1177,loydjo01,2018,77250.0
244,1178,mcraejo01,2018,77250.0
245,1179,caldejo01,2018,2393887.0
246,1180,hartjo01,2018,1655160.0
247,1181,jacksjo02,2018,6041520.0
248,1182,okogijo01,2018,2163600.0
249,1183,richajo01,2018,9367200.0
250,1184,holidjr01,2018,26641111.0
251,1185,hernaju01,2018,2166360.0
252,1186,randlju01,2018,8641000.0
253,1187,anderju01,2018,2516047.0
254,1188,holidju01,2018,4500000.0
255,1189,jacksju01,2018,2807880.0
256,1190,pattoju01,2018,2667600.0
257,1191,winslju01,2018,3448926.0
258,1192,nurkiju01,2018,11111111.0
259,1193,townska01,2018,7839435.0
260,1194,leonaka01,2018,23114066.0
261,1195,bateske01,2018,838464.0
262,1196,olynyke01,2018,13537527.0
263,1197,walkeke02,2018,12000000.0
264,1198,farieke01,2018,14242782.0
265,1199,willike04,2018,838464.0
266,1200,bazemke01,2018,18089888.0
267,1201,caldwke01,2018,12000000.0
268,1202,duranke01,2018,30000000.0
269,1203,huertke01,2018,2250960.0
270,1204,knoxke01,2018,3744840.0
271,1205,loveke01,2018,24119025.0
272,1206,looneke01,2018,1567007.0
273,1207,birchkh01,2018,1378242.0
274,1208,middlkh01,2018,13000000.0
275,1209,thomakh01,2018,838464.0
276,1210,thompkl01,2018,18988725.0
277,1211,koufoko01,2018,8739500.0
278,1212,antetko01,2018,77250.0
279,1213,dunnkr01,2018,4221000.0
280,1214,anderky01,2018,8641000.0
281,1215,korveky01,2018,7560000.0
282,1216,kuzmaky01,2018,1689840.0
283,1217,lowryky01,2018,32700000.0
284,1218,oquinky01,2018,4449000.0
285,1219,irvinky01,2018,20099189.0
286,1220,aldrila01,2018,22347015.0
287,1221,stephla01,2018,4449000.0
288,1222,thomala01,2018,7119650.0
289,1223,shamela01,2018,1705920.0
290,1224,gallola01,2018,7000000.0
291,1225,markkla01,2018,4536120.0
292,1226,jamesle01,2018,35654150.0
293,1227,walkelo01,2018,2360160.0
294,1228,balllo01,2018,7461960.0
295,1229,brownlo01,2018,800000.0
296,1230,willilo02,2018,0.0
297,1231,mbahalu01,2018,4320500.0
298,1232,doncilu01,2018,6569040.0
299,1233,kennalu01,2018,3275280.0
300,1234,kornelu01,2018,1619260.0
301,1235,denglu01,2018,16747954.0
302,1236,richama01,2018,1569360.0
303,1237,brogdma01,2018,1544951.0
304,1238,beaslma01,2018,1773840.0
305,1239,monkma01,2018,3447480.0
306,1240,gasolma01,2018,24119025.0
307,1241,gortama01,2018,13565218.0
308,1242,belinma01,2018,6153846.0
309,1243,derrima01,2018,77250.0
310,1244,morrima03,2018,5375000.0
311,1245,smartma01,2018,11160716.0
312,1246,hezonma01,2018,6500000.0
313,1247,fultzma01,2018,8339880.0
314,1248,morrima02,2018,9173294.0
315,1249,chrisma01,2018,3206160.0
316,1250,brookma01,2018,1656092.0
317,1251,baglema01,2018,7314960.0
318,1252,willima02,2018,14087500.0
319,1253,plumlma01,2018,12917808.0
320,1254,dellama01,2018,9607500.0
321,1255,harklma01,2018,0.0
322,1256,klebima01,2018,1378242.0
323,1257,frazime01,2018,1050000.0
324,1258,leoname01,2018,10595506.0
325,1259,beaslmi01,2018,3500000.0
326,1260,cartemi01,2018,1468082.0
327,1261,kiddgmi01,2018,13000000.0
328,1262,bridgmi01,2018,3557400.0
329,1263,conlemi01,2018,30521115.0
330,1264,muscami01,2018,5000000.0
331,1265,scottmi01,2018,4320500.0
332,1266,bridgmi02,2018,3206640.0
333,1267,plumlmi01,2018,12400000.0
334,1268,teodomi01,2018,6300000.0
335,1269,robinmi01,2018,1485440.0
336,1270,morrimo01,2018,1349383.0
337,1271,harremo01,2018,6000000.0
338,1272,wagnemo01,2018,1764240.0
339,1273,turnemy01,2018,3294994.0
340,1274,mitrona01,2018,0.0
341,1275,bjeline01,2018,6500000.0
342,1276,noelne01,2018,1757429.0
343,1277,batumni01,2018,24000000.0
344,1278,stausni01,2018,2161886.0
345,1279,jokicni01,2018,25467250.0
346,1280,mirotni01,2018,12500000.0
347,1281,vucevni01,2018,12750000.0
348,1282,vonleno01,2018,1621415.0
349,1283,powelno01,2018,9367200.0
350,1284,anunoog01,2018,1952760.0
351,1285,spellom01,2018,1622520.0
352,1286,casspom01,2018,2176260.0
353,1287,porteot01,2018,26011913.0
354,1288,tuckepj01,2018,0.0
355,1289,siakapa01,2018,1544951.0
356,1290,connapa01,2018,1641000.0
357,1291,beverpa01,2018,5027028.0
358,1292,mccawpa01,2018,964104.0
359,1293,pattepa01,2018,5451600.0
360,1294,millspa02,2018,0.0
361,1295,gasolpa01,2018,17133285.0
362,1296,georgpa01,2018,30560700.0
363,1297,millspa01,2018,29230769.0
364,1298,doziepj01,2018,77250.0
365,1299,pondequ01,2018,2165481.0
366,1300,cookqu01,2018,1544951.0
367,1301,rondora01,2018,9000000.0
368,1302,netora01,2018,2100000.0
369,1303,alkinra01,2018,77250.0
370,1304,spaldra01,2018,0.0
371,1305,feltora01,2018,2393887.0
372,1306,bullore01,2018,2500000.0
373,1307,jacksre01,2018,17043478.0
374,1308,holmeri01,2018,1600520.0
375,1309,rubiori01,2018,14800000.0
376,1310,covinro01,2018,10464092.0
377,1311,williro04,2018,1656600.0
378,1312,lopezro01,2018,14357750.0
379,1313,kurucro01,2018,1690000.0
380,1314,hoodro01,2018,3472887.0
381,1315,mcgruro01,2018,1544951.0
382,1316,bakerro01,2018,4697823.0
383,1317,holliro01,2018,2470356.0
384,1318,onealro01,2018,1378242.0
385,1319,gayru01,2018,10087200.0
386,1320,goberru01,2018,23491573.0
387,1321,westbru01,2018,35665000.0
388,1322,anderry01,2018,20421546.0
389,1323,arcidry01,2018,1349383.0
390,1324,broekry01,2018,838464.0
391,1325,mejrisa01,2018,2098196.0
392,1326,dekkesa01,2018,2760094.0
393,1327,ojelese01,2018,1378242.0
394,1328,ibakase01,2018,21666667.0
395,1329,curryse01,2018,2795000.0
396,1330,napiesh01,2018,1942422.0
397,1331,gilgesh01,2018,3375360.0
398,1332,miltosh01,2018,77250.0
399,1333,harrish01,2018,1325531.0
400,1334,livinsh01,2018,8307692.0
401,1335,macksh01,2018,2512601.0
402,1336,thornsi01,2018,1378242.0
403,1337,labissk01,2018,1544951.0
404,1338,hillso01,2018,12763467.0
405,1339,dinwisp01,2018,1656092.0
406,1340,johnsst04,2018,3940401.0
407,1341,curryst01,2018,37457154.0
408,1342,brownst02,2018,1378242.0
409,1343,adamsst01,2018,24157304.0
410,1344,mykhasv01,2018,1487694.0
411,1345,leaftj01,2018,0.0
412,1346,mccontj01,2018,0.0
413,1347,warretj01,2018,0.0
414,1348,gibsota01,2018,14000000.0
415,1349,fergute01,2018,2118840.0
416,1350,rosste01,2018,10500000.0
417,1351,roziete01,2018,3050389.0
418,1352,sefolth01,2018,5250000.0
419,1353,youngth01,2018,13764045.0
420,1354,pinsoth01,2018,77250.0
421,1355,bryanth01,2018,1378242.0
422,1356,welshth01,2018,77250.0
423,1357,makerth01,2018,2799720.0
424,1358,fraziti01,2018,1832107.0
425,1359,hardati02,2018,17325000.0
426,1360,luwawti01,2018,1880268.0
427,1361,harrito02,2018,14800000.0
428,1362,satorto01,2018,3129187.0
429,1363,bradlto01,2018,1679520.0
430,1364,parketo01,2018,5000000.0
431,1365,snellto01,2018,10607143.0
432,1366,craigto01,2018,2000000.0
433,1367,youngtr01,2018,5363280.0
434,1368,grahatr01,2018,1512601.0
435,1369,duvaltr01,2018,77250.0
436,1370,arizatr01,2018,15000000.0
437,1371,burketr01,2018,1795015.0
438,1372,lylestr01,2018,3364249.0
439,1373,thomptr01,2018,17469565.0
440,1374,caupatr01,2018,77250.0
441,1375,danietr01,2018,3258539.0
442,1376,willitr02,2018,77250.0
443,1377,cavanty01,2018,77250.0
444,1378,dorsety01,2018,1378242.0
445,1379,johnsty01,2018,19245370.0
446,1380,lydonty01,2018,1874640.0
447,1381,evansty01,2018,12400000.0
448,1382,wallaty01,2018,1349383.0
449,1383,chandty01,2018,13585000.0
450,1384,jonesty01,2018,2444052.0
451,1385,hasleud01,2018,2393887.0
452,1386,oladivi01,2018,21000000.0
453,1387,cartevi01,2018,2393887.0
454,1388,edwarvi01,2018,0.0
455,1389,baldwwa01,2018,1544951.0
456,1390,ellinwa01,2018,8653076.0
457,1391,seldewa01,2018,1544951.0
458,1392,cartewe01,2018,4446840.0
459,1393,iwundwe01,2018,1378242.0
460,1394,johnswe01,2018,6134000.0
461,1395,matthwe02,2018,19360228.0
462,1396,bartowi01,2018,11830358.0
463,1397,caulewi01,2018,4696874.0
464,1398,hernawi01,2018,1496500.0
465,1399,chandwi01,2018,12800562.0
466,1400,matenya01,2018,385000.0
467,1401,ferreyo01,2018,3000000.0
468,1402,watanyu01,2018,77250.0
469,1403,colliza01,2018,3628920.0
470,1404,lavinza01,2018,19500000.0
471,1405,loftoza01,2018,77250.0
472,1406,pachuza01,2018,2393887.0
473,1407,smithzh01,2018,2615160.0
0,0,adamsja01,2019,263356.0
1,1,adamsst01,2019,25842697.0
2,2,adebaba01,2019,3454080.0
3,3,aldrico01,2019,685340.0
4,4,aldrila01,2019,26000000.0
5,5,alexani01,2019,2964840.0
6,6,allengr01,2019,2429400.0
7,7,allenja01,2019,2376840.0
8,8,aminual01,2019,9258000.0
9,9,anderju01,2019,294432.0
10,10,anderky01,2019,9073050.0
11,11,anderry01,2019,5714583.0
12,12,antetgi01,2019,25842697.0
13,13,antetth01,2019,1445697.0
14,14,anthoca01,2019,2159029.0
15,15,anunoog01,2019,2281800.0
16,16,arcidry01,2019,3000000.0
17,17,arizatr01,2019,12200000.0
18,18,asikom01,2019,3000000.0
19,19,augusdj01,2019,7250000.0
20,20,aytonde01,2019,9562920.0
21,21,bacondw01,2019,1618520.0
22,22,baglema01,2019,8556120.0
23,23,balllo01,2019,8719320.0
24,24,bambamo01,2019,5697600.0
25,25,bareajo01,2019,2564753.0
26,26,barneha02,2019,24147727.0
27,27,barnema02,2019,2133541.0
28,28,barrerj01,2019,7839960.0
29,29,bartowi01,2019,12960000.0
30,30,bateske01,2019,1416852.0
31,31,batumni01,2019,25565217.0
32,32,baynear01,2019,5453280.0
33,33,bazemke01,2019,19269662.0
34,34,bazleda01,2019,2284800.0
35,35,bealbr01,2019,27093019.0
36,36,beaslma01,2019,2731714.0
37,37,belinma01,2019,5846154.0
38,38,belljo01,2019,1870564.0
39,39,bembrde01,2019,2603982.0
40,40,bendedr01,2019,1868556.0
41,41,bertada01,2019,7000000.0
42,42,beverpa01,2019,12345679.0
43,43,birchkh01,2019,3000000.0
44,44,bitadgo01,2019,2816760.0
45,45,biyombi01,2019,17000000.0
46,46,bjeline01,2019,6825000.0
47,47,bledser01,2019,15625000.0
48,48,bogdabo01,2019,8529386.0
49,49,bogdabo02,2019,17000000.0
50,50,boldejo01,2019,1780128.0
51,51,boldema01,2019,50752.0
52,52,bongais01,2019,1416852.0
53,53,bookede01,2019,27250000.0
54,54,bouchch01,2019,1588231.0
55,55,bowmaky01,2019,350189.0
56,56,bradlav01,2019,6767000.0
57,57,bradlto01,2019,1962360.0
58,58,brazdig01,2019,898310.0
59,59,breweco01,2019,289803.0
60,60,bridgmi01,2019,4161000.0
61,61,bridgmi02,2019,3755400.0
62,62,broekry01,2019,1443842.0
63,63,brogdma01,2019,20000000.0
64,64,brookdi01,2019,1618520.0
65,65,brownbr01,2019,1416852.0
66,66,brownja02,2019,6534829.0
67,67,brownst02,2019,1618520.0
68,68,browntr01,2019,3219480.0
69,69,brunsja01,2019,1416582.0
70,70,bryanth01,2019,7936508.0
71,71,bullore01,2019,4000000.0
72,72,burketr01,2019,2257814.0
73,73,burksal01,2019,2320044.0
74,74,burtode02,2019,1416852.0
75,75,butleji01,2019,32742000.0
76,76,cabocbr01,2019,1845301.0
77,77,caldwke01,2019,8089282.0
78,78,cancavl01,2019,1517981.0
79,79,capelca01,2019,16456522.0
80,80,carrode01,2019,7653754.0
81,81,carteje01,2019,1416852.0
82,82,cartemi01,2019,2028594.0
83,83,cartevi01,2019,2564753.0
84,84,cartewe01,2019,5201400.0
85,85,carusal01,2019,2750000.0
86,86,caulewi01,2019,2177483.0
87,87,chandty01,2019,2564753.0
88,88,chandwi01,2019,2564753.0
89,89,chealjo01,2019,163356.0
90,90,chrisma01,2019,1413272.0
91,91,clarkbr01,2019,2478840.0
92,92,clarkga01,2019,1427191.0
93,93,clarkjo01,2019,13437500.0
94,94,claxtni01,2019,898310.0
95,95,clemoch01,2019,568422.0
96,96,collijo01,2019,2686560.0
97,97,colliza01,2019,4240200.0
98,98,conlemi01,2019,32511623.0
99,99,connapa01,2019,1723050.0
100,100,cookqu01,2019,3000000.0
101,101,cookty01,2019,151504.0
102,102,couside01,2019,3500000.0
103,103,covinro01,2019,11301219.0
104,104,crabbal01,2019,17818456.0
105,105,craigto01,2019,2100000.0
106,106,crawfja01,2019,289803.0
107,107,crowdja01,2019,7815533.0
108,108,culveja01,2019,5813640.0
109,109,curryse01,2019,7441860.0
110,110,curryst01,2019,40231758.0
111,111,danietr01,2019,2509594.0
112,112,davisan02,2019,27093019.0
113,113,davised01,2019,4767000.0
114,114,daviste02,2019,898310.0
115,115,dedmode01,2019,13333334.0
116,116,dellama01,2019,9607500.0
117,117,denglu01,2019,4990000.0
118,118,derozde01,2019,27739975.0
119,119,diallch01,2019,1678854.0
120,120,diallha01,2019,1416852.0
121,121,dienggo01,2019,16229213.0
122,122,dinwisp01,2019,10600000.0
123,123,divindo01,2019,2905800.0
124,124,doncilu01,2019,7683360.0
125,125,dortlu01,2019,155647.0
126,126,dotsoda01,2019,1618520.0
127,127,doumbse01,2019,3285120.0
128,128,doziepj01,2019,183115.0
129,129,dragigo01,2019,19217900.0
130,130,drumman01,2019,27093019.0
131,131,dudleja01,2019,2564753.0
132,132,dunnkr01,2019,5348007.0
133,133,duranke01,2019,37199000.0
134,134,edwarca01,2019,1228026.0
135,135,ellinwa01,2019,7804878.0
136,136,ellismo01,2019,2245400.0
137,137,embiijo01,2019,27504630.0
138,138,ennisja01,2019,1882867.0
139,139,evansja02,2019,1925880.0
140,140,exumda01,2019,9600000.0
141,141,ezelife01,2019,333333.0
142,142,favorde01,2019,17650000.0
143,143,feliccr01,2019,8156500.0
144,144,fergute01,2019,2475840.0
145,145,fernabr01,2019,1400000.0
146,146,ferreyo01,2019,3150000.0
147,147,finnedo01,2019,4000000.0
148,148,forbebr01,2019,2875000.0
149,149,fournev01,2019,17000000.0
150,150,foxde01,2019,6392760.0
151,151,frazime01,2019,1416852.0
152,152,fraziti01,2019,1882867.0
153,153,fultzma01,2019,9745200.0
154,154,gabriwe01,2019,898310.0
155,155,gaffoda01,2019,898310.0
156,156,gallida01,2019,22615559.0
157,157,gallola01,2019,7333333.0
158,158,garlada01,2019,6400920.0
159,159,gasolma01,2019,25595700.0
160,160,gasolpa01,2019,7664753.0
161,161,gayru01,2019,14000000.0
162,162,georgpa01,2019,33005556.0
163,163,gibsota01,2019,9800000.0
164,164,gilesha01,2019,2578800.0
165,165,gilgesh01,2019,3952920.0
166,166,goberru01,2019,25008427.0
167,167,goodwbr01,2019,522738.0
168,168,gordoaa01,2019,19863636.0
169,169,gordoer01,2019,14057730.0
170,170,grahade01,2019,1416852.0
171,171,grahatr01,2019,1678854.0
172,172,grantje01,2019,9346153.0
173,173,grantje02,2019,196288.0
174,174,greenda02,2019,14634146.0
175,175,greendr01,2019,18539130.0
176,176,greenge01,2019,2564753.0
177,177,greenja01,2019,4767000.0
178,178,greenja02,2019,898310.0
179,179,greenje02,2019,3405180.0
180,180,griffbl01,2019,34234964.0
181,181,gudurma01,2019,2625000.0
182,182,hachiru01,2019,4469160.0
183,183,halldo01,2019,203008.0
184,184,hamilju01,2019,1000000.0
185,185,hammoaj01,2019,350087.0
186,186,hannadu01,2019,81678.0
187,187,hardati02,2019,18150000.0
188,188,hardeja01,2019,37800000.0
189,189,harklma01,2019,11511234.0
190,190,harremo01,2019,6000000.0
191,191,harriga01,2019,17839286.0
192,192,harrijo01,2019,7670000.0
193,193,harrish01,2019,898310.0
194,194,harrito02,2019,31034483.0
195,195,harteis01,2019,1416852.0
196,196,hartjo01,2019,1934160.0
197,197,hasleud01,2019,2564753.0
198,198,hawessp01,2019,2007058.0
199,199,hayesja02,2019,4862040.0
200,200,haywago01,2019,32700690.0
201,201,hensojo01,2019,9732396.0
202,202,hernade01,2019,898310.0
203,203,hernaju01,2019,3321030.0
204,204,hernawi01,2019,1676735.0
205,205,herroty01,2019,3640200.0
206,206,hezonma01,2019,1737145.0
207,207,hieldbu01,2019,4861208.0
208,208,hilarne01,2019,2564753.0
209,209,hillge01,2019,10133907.0
210,210,hillso01,2019,13258781.0
211,211,holidaa01,2019,2239200.0
212,212,holidjr01,2019,26131111.0
213,213,holidju01,2019,4767000.0
214,214,holliro01,2019,2500000.0
215,215,holmeri01,2019,4767000.0
216,216,hoodro01,2019,5718000.0
217,217,horfoal01,2019,28000000.0
218,218,hortota01,2019,898310.0
219,219,houseda01,2019,3540000.0
220,220,howardw01,2019,5603850.0
221,221,howarwi01,2019,50000.0
222,222,huertke01,2019,2636280.0
223,223,huntede01,2019,7068360.0
224,224,hutchch01,2019,2332320.0
225,225,ibakase01,2019,23271604.0
226,226,iguodan01,2019,17185185.0
227,227,ilyaser01,2019,7000000.0
228,228,inglejo01,2019,11954546.0
229,229,ingrabr01,2019,7265485.0
230,230,irvinky01,2019,31742000.0
231,231,isaacjo01,2019,5806440.0
232,232,iwundwe01,2019,1618520.0
233,233,jacksde01,2019,92857.0
234,234,jacksfr01,2019,1618520.0
235,235,jacksja02,2019,6927480.0
236,236,jacksjo02,2019,7059480.0
237,237,jacksju01,2019,3280920.0
238,238,jacksre01,2019,18020981.0
239,239,jamesju01,2019,898310.0
240,240,jamesle01,2019,37436858.0
241,241,jeffeam01,2019,1445697.0
242,242,jeromty01,2019,2193480.0
243,243,johnsal02,2019,1416852.0
244,244,johnsca02,2019,4033440.0
245,245,johnsda04,2019,459414.0
246,246,johnsja01,2019,15349400.0
247,247,johnsjo02,2019,220000.0
248,248,johnske04,2019,1950600.0
249,249,johnsst04,2019,3623000.0
250,250,johnsty01,2019,19458123.0
251,251,jokicni01,2019,26573595.0
252,252,jonesda03,2019,2305057.0
253,253,jonesde02,2019,1645357.0
254,254,jonesje01,2019,199000.0
255,255,jonesty01,2019,8408000.0
256,256,jordade01,2019,9881598.0
257,257,josepco01,2019,12000000.0
258,258,kabenmf01,2019,1977000.0
259,259,kaminfr01,2019,4767000.0
260,260,kanteen01,2019,4767000.0
261,261,kennalu01,2019,3827160.0
262,262,kiddgmi01,2019,13810763.0
263,263,kiddst01,2019,250000.0
264,264,klebima01,2019,8000000.0
265,265,knighbr03,2019,15643750.0
266,266,knoxke01,2019,4380120.0
267,267,korkmfu01,2019,1620564.0
268,268,kornelu01,2019,2195122.0
269,269,korveky01,2019,6004753.0
270,270,kurucro01,2019,1699236.0
271,271,kuzmaky01,2019,1974600.0
272,272,labissk01,2019,2338847.0
273,273,lambje01,2019,10500000.0
274,274,langfro01,2019,3458400.0
275,275,lavinza01,2019,19500000.0
276,276,laymaja01,2019,3581986.0
277,277,leaftj01,2019,2813280.0
278,278,lecquja01,2019,898310.0
279,279,leeco01,2019,12759670.0
280,280,leeda03,2019,842327.0
281,281,lenal01,2019,4160000.0
282,282,leonaka01,2019,32742000.0
283,283,leoname01,2019,11286515.0
284,284,leuerjo01,2019,3169348.0
285,285,leverca01,2019,2625718.0
286,286,lillada01,2019,29802321.0
287,287,littlna01,2019,2105520.0
288,288,livinsh01,2019,666667.0
289,289,looneke01,2019,4464286.0
290,290,lopezbr01,2019,12093024.0
291,291,lopezro01,2019,4767000.0
292,292,loveke01,2019,28900000.0
293,293,lowryky01,2019,33296296.0
294,294,luwawti01,2019,844170.0
295,295,lydonty01,2019,50000.0
296,296,lylestr01,2019,5500000.0
297,297,macurjp01,2019,81678.0
298,298,magetjo01,2019,81678.0
299,299,mahinia01,2019,15450051.0
300,300,makerth01,2019,3569643.0
301,301,mannte01,2019,1000000.0
302,302,marjabo01,2019,3500000.0
303,303,markkla01,2019,5300400.0
304,304,martica02,2019,898310.0
305,305,martico01,2019,1173310.0
306,306,matenya01,2019,100000.0
307,307,matthwe02,2019,2564753.0
308,308,mbahalu01,2019,289803.0
309,309,mccawpa01,2019,4000000.0
310,310,mcclesh01,2019,81678.0
311,311,mccolcj01,2019,27556959.0
312,312,mccontj01,2019,3500000.0
313,313,mcdanja01,2019,898310.0
314,314,mcderdo01,2019,7333334.0
315,315,mcgeeja01,2019,4000000.0
316,316,mcgruro01,2019,4629630.0
317,317,mckinal01,2019,2253031.0
318,318,mclembe01,2019,2028594.0
319,319,mcraejo01,2019,1645357.0
320,320,mellini01,2019,3902439.0
321,321,meltode01,2019,1416852.0
322,322,metuch01,2019,1416852.0
323,323,middlkh01,2019,30603448.0
324,324,mikaer01,2019,50752.0
325,325,milescj01,2019,8730158.0
326,326,milleda01,2019,7250000.0
327,327,millema01,2019,1588231.0
328,328,millspa01,2019,30500000.0
329,329,millspa02,2019,12428571.0
330,330,miltosh01,2019,1445697.0
331,331,mitchdo01,2019,3635760.0
332,332,monkma01,2019,4028400.0
333,333,mooreet01,2019,8664928.0
334,334,moranja01,2019,8730240.0
335,335,morgaju01,2019,746054.0
336,336,morrima02,2019,3991808.0
337,337,morrima03,2019,15000000.0
338,338,morrimo01,2019,1588231.0
339,339,mozgoti01,2019,5573333.0
340,340,mudiaem01,2019,1737145.0
341,341,muldemy01,2019,238534.0
342,342,murrade01,2019,2321735.0
343,343,murraja01,2019,4444746.0
344,344,musadz01,2019,1911600.0
345,345,muscami01,2019,2028594.0
346,346,mykhasv01,2019,1416852.0
347,347,naderab01,2019,1618520.0
348,348,nancela02,2019,12727273.0
349,349,napiesh01,2019,1882867.0
350,350,netora01,2019,1737145.0
351,351,newmama01,2019,50752.0
352,352,niangge01,2019,1678854.0
353,353,nichoan01,2019,2844429.0
354,354,noahjo01,2019,6866370.0
355,355,noelne01,2019,2028594.0
356,356,norveza01,2019,50752.0
357,357,nowelja01,2019,1400000.0
358,358,ntilila01,2019,4855800.0
359,359,nunnke01,2019,1416852.0
360,360,nurkiju01,2019,12000000.0
361,361,nwabada01,2019,2581965.0
362,362,ojelese01,2019,1618520.0
363,363,okafoja01,2019,1702486.0
364,364,okoboel01,2019,1416852.0
365,365,okogijo01,2019,2530680.0
366,366,okpalkz01,2019,898310.0
367,367,oladivi01,2019,21000000.0
368,368,olynyke01,2019,11667885.0
369,369,onealro01,2019,1618520.0
370,370,onimi01,2019,898310.0
371,371,oquinky01,2019,2028594.0
372,372,osmande01,2019,2907143.0
373,373,oubreke01,2019,15625000.0
374,374,pargoje01,2019,91557.0
375,375,parkeja01,2019,6500000.0
376,376,parsoch01,2019,25102511.0
377,377,pascher01,2019,898310.0
378,378,pasecan01,2019,482144.0
379,379,pattepa01,2019,3068660.0
380,380,pattoju01,2019,1803679.0
381,381,paulch01,2019,38506482.0
382,382,payneca01,2019,346288.0
383,383,paytoel01,2019,8000000.0
384,384,paytoga02,2019,1090781.0
385,385,pelleno01,2019,350189.0
386,386,pinsoth01,2019,1445697.0
387,387,plumlma01,2019,14041096.0
388,388,plumlmi01,2019,12500000.0
389,389,poeltja01,2019,3754886.0
390,390,pointsi01,2019,50752.0
391,391,poirivi01,2019,2505793.0
392,392,poolejo01,2019,1964760.0
393,393,portejo01,2019,197933.0
394,394,porteke02,2019,1290960.0
395,395,portemi01,2019,3389400.0
396,396,porteot01,2019,27250576.0
397,397,portibo01,2019,15000000.0
398,398,porzikr01,2019,27285000.0
399,399,poweldw01,2019,10259375.0
400,400,powelno01,2019,10116576.0
401,401,princta02,2019,3481986.0
402,402,rabbiv01,2019,371758.0
403,403,randlch01,2019,91557.0
404,404,randlju01,2019,18000000.0
405,405,reddica01,2019,4245720.0
406,406,redicjj01,2019,13486300.0
407,407,reidna01,2019,898310.0
408,408,richajo01,2019,10100000.0
409,409,riverau01,2019,2174318.0
410,410,roberan03,2019,10740741.0
411,411,robindu01,2019,1416852.0
412,412,robingl02,2019,1882867.0
413,413,robinje01,2019,3567720.0
414,414,robinju01,2019,395866.0
415,415,robinmi01,2019,1559712.0
416,416,robyis01,2019,1500000.0
417,417,rondora01,2019,2564753.0
418,418,rosede01,2019,7317073.0
419,419,rosste01,2019,12500000.0
420,420,roziete01,2019,19894737.0
421,421,rubiori01,2019,16190476.0
422,422,russeda01,2019,27285000.0
423,423,sabondo01,2019,3529555.0
424,424,samanlu01,2019,2689920.0
425,425,sampsja02,2019,1737145.0
426,426,sandela01,2019,1865547.0
427,427,saricda01,2019,3481986.0
428,428,satorto01,2019,10000000.0
429,429,schofad01,2019,898310.0
430,430,schrode01,2019,15500000.0
431,431,scottmi01,2019,4767000.0
432,432,sefolth01,2019,2564753.0
433,433,sextoco01,2019,4764960.0
434,434,shamela01,2019,1995120.0
435,435,shumpim01,2019,419443.0
436,436,siakapa01,2019,2351839.0
437,437,silvach01,2019,466918.0
438,438,simmobe01,2019,8113930.0
439,439,simmojo02,2019,1000000.0
440,440,simonan01,2019,2149560.0
441,441,singlky01,2019,999200.0
442,442,smailal01,2019,898310.0
443,443,smartma01,2019,12553471.0
444,444,smithde03,2019,4463640.0
445,445,smithis01,2019,5853659.0
446,446,smithjo03,2019,5331729.0
447,447,smithjr01,2019,1746470.0
448,448,smithzh01,2019,3058800.0
449,449,snellto01,2019,11392857.0
450,450,spellom01,2019,1897800.0
451,451,strusma01,2019,415414.0
452,452,sumneed01,2019,2000000.0
453,453,swanica01,2019,2033160.0
454,454,tatumja01,2019,7830000.0
455,455,taylois01,2019,50000.0
456,456,teaguje01,2019,19000000.0
457,457,teletmi01,2019,3500000.0
458,458,templga01,2019,4767000.0
459,459,theisda01,2019,5000000.0
460,460,thomais02,2019,2320044.0
461,461,thomakh01,2019,838464.0
462,462,thomala01,2019,262152.0
463,463,thomama02,2019,898310.0
464,464,thompho01,2019,50000.0
465,465,thompkl01,2019,32742000.0
466,466,thomptr01,2019,18539130.0
467,467,thornsi01,2019,183115.0
468,468,thybuma01,2019,2582160.0
469,469,tollian01,2019,2854556.0
470,470,toscaju01,2019,350189.0
471,471,townska01,2019,27250000.0
472,472,trentga02,2019,1416852.0
473,473,trieral01,2019,3551100.0
474,474,tuckepj01,2019,8349039.0
475,475,tuckera01,2019,578573.0
476,476,turneev01,2019,18606557.0
477,477,turnemy01,2019,18000000.0
478,478,ulisty01,2019,50000.0
479,479,uthofja01,2019,245034.0
480,480,valanjo01,2019,16000000.0
481,481,valende01,2019,3377569.0
482,482,vandeja01,2019,1416852.0
483,483,vanvlfr01,2019,9000000.0
484,484,varejan01,2019,1913345.0
485,485,vonleno01,2019,2000000.0
486,486,vucevni01,2019,28000000.0
487,487,wadede01,2019,375000.0
488,488,wagnemo01,2019,2063520.0
489,489,waitedi01,2019,12603656.0
490,490,walkeke02,2019,32742000.0
491,491,walkelo01,2019,2760480.0
492,492,walljo01,2019,37800000.0
493,493,waltode01,2019,1527375.0
494,494,wanambr01,2019,1445697.0
495,495,warretj01,2019,10810000.0
496,496,washipj01,2019,3831840.0
497,497,watsocj01,2019,333333.0
498,498,watsopa01,2019,50752.0
499,499,westbru01,2019,38178000.0
500,500,whiteco01,2019,5307120.0
501,501,whitede01,2019,1948080.0
502,502,whiteha01,2019,27093018.0
503,503,wiggian01,2019,27504630.0
504,504,willide01,2019,5474787.0
505,505,willigr01,2019,2379840.0
506,506,willijo04,2019,106181.0
507,507,willike04,2019,1416852.0
508,508,willilo02,2019,8000000.0
509,509,willima02,2019,15962599.0
510,510,willini01,2019,1500000.0
511,511,williro04,2019,1937520.0
512,512,willitr02,2019,122741.0
513,513,willizi01,2019,9757440.0
514,514,wilsodj01,2019,2961120.0
515,515,windldy01,2019,2035800.0
516,516,winslju01,2019,13000000.0
517,517,woodch01,2019,1645357.0
518,518,wrighde01,2019,9473684.0
519,519,yabusgu01,2019,3117240.0
520,520,youngth01,2019,12900000.0
521,521,youngtr01,2019,6273000.0
522,522,zelleco01,2019,14471910.0
523,523,zellety01,2019,245686.0
524,524,zizican01,2019,2281800.0
525,525,zubaciv01,2019,6481482.0
