INSERT INTO PLAYERS_STATS_F
VALUES ('anthoca01','2016', 'SF', '32', 'NYK', '74', '34.3', '8.1', '.433', '2', '5.7', '.359', '.488', '.833', '5.9', '2.9', '0.8', '0.5', '2.1', '22.4', '1.38');

INSERT INTO PLAYERS_STATS_F
VALUES ('bookde01', '2016', 'SG', '20','PHO', '78', '35', '7.8', '.423', '1.9', '5.2', '.363', '.475', '.832', '3.2', '3.4', '0.9', '0.3', '3.1', '22.1', '1.09');

INSERT INTO PLAYERS_STATS_F
VALUES ('bealbr01', '2016', 'SG', '23', 'WAS', '77', '34.9', '8.3', '.482', '2.9', '7.2', '.404', '.566', '.825', '3.1', '3.5', '1.1', '0.3', '2', '23.1', '1.75');

INSERT INTO PLAYERS_STATS_F
VALUES('belinma01', '2016', 'SG', '30', 'CHO', '74', '24', '3.6', '.429', '1.4', '3.8', '.36', '.512', '.893', '2.4', '2', '0.6', '0.1', '0.9', '10.5', '2.22');

INSERT INTO PLAYERS_STATS_F
VALUES ('curryst01', '2016', 'PG', '28', 'GSW', '79', '33.4', '8.5', '.468', '4.1', '10', '.411', '.58', '.898', '4.5', '6.6', '1.8', '0.2', '3', '25.3', '1.50');

INSERT INTO PLAYERS_STATS_F
VALUES ('georgpa01', '2016', 'SF', '26', 'IND', '75', '35.9', '8.3', '.461', '2.6', '6.6', '.393', '.534', '.898', '6.6', '3.3', '1.6', '0.4', '2.9', '23.7', '1.13');

INSERT INTO PLAYERS_STATS_F
VALUES ('irvinky01', '2016', 'PG', '24', 'CLE', '72', '35.1', '9.3', '.473', '2.5', '6.1', '.401', '.535', '.905', '3.2', '5.8', '1.2', '0.3', '2.5', '25.2', '2.32');

INSERT INTO PLAYERS_STATS_F
VALUES('anthoca01', '2017', 'PF', '33', 'OKC', '78', '32.1', '6.1', '.404', '2.2', '6.1', '.357', '.476', '.767', '5.8', '1.3', '0.6', '0.6', '1.3', '16.2', '1.0');

INSERT INTO PLAYERS_STATS_F
VALUES ('bealbr01', '2017', 'SG', '24', 'WAS', '82', '36.3', '8.3', '.460', '2.4', '6.5', '.375', '.527', '.791', '4.4', '4.5', '1.2', '0.4', '2.6', '22.6', '1.73');

INSERT INTO PLAYERS_STATS_F
VALUES ('bookde01', '2017', 'SG', '21', 'PHO', '54', '34.5', '8.4', '.432', '2.7', '7.1', '.383', '.501', '.878', '4.5', '4.7', '0.9', '0.3', '3.6', '24.9', '1.31');

INSERT INTO PLAYERS_STATS_F
VALUES ('butleji01', '2017', 'SG', '28', 'MIN', '59', '36.7', '7.4', '.474', '1.2', '3.4', '.350', '.512', '.854', '5.3', '4.9', '2', '0.4', '1.8', '22.2', '2.72');

INSERT INTO PLAYERS_STATS_F
VALUES ('curryst01', '2017', 'PG', '29', 'GSW', '51', '32', '8.4', '.495', '4.2', '9.8', '.423', '.618', '.921', '5.1', '6.1', '1.6', '0.2', '3', '26.4', '2.03');

INSERT INTO PLAYERS_STATS_F
VALUES ('georgpa01', '2017', 'SF', '27', 'OKC', '79', '36.6', '7.3', '.430', '3.1', '7.7', '.401', '.521', '.822', '5.7', '3.3', '2.0', '0.5', '2.7', '21.9', '1.22');

INSERT INTO PLAYERS_STATS_F
VALUES ('irvinky01', '2017', 'PG', '25', 'BOS', '60', '32.2', '8.9', '.491', '2.8', '6.8', '.408', '.568', '.889', '3.8', '5.1', '1.1', '0.3', '2.3', '24.4', '2.22');

INSERT INTO PLAYERS_STATS_F
VALUES ('anthoca01', '2018', 'PF', '34', 'HOU', '10', '29.4', '4.9', '.405', '2.1', '6.4', '.328', '.492', '.682', '5.4', '0.5', '0.4', '0.7', '0.8', '13.4', '.625');

INSERT INTO PLAYERS_STATS_F
VALUES  ('bealbr01', '2018', 'SG', '25', 'WAS', '82', '36.9', '9.3', '.475', '2.5', '7.3', '.351', '.54', '.808', '5.0', '5.5', '1.5', '0.7', '2.7', '25.6', '2.03');

INSERT INTO PLAYERS_STATS_F
VALUES ('belinma01', '2018', 'SG', '32', 'SAS', '79', '23', '3.6', '.413', '1.9', '5', '.372', '.52', '.903', '2.5', '1.7', '0.4', '0.1', '0.9', '10.5', '1.89');

INSERT INTO PLAYERS_STATS_F
VALUES ('bookde01', '2018', 'SG', '22', 'PHO', '64', '35', '9.2', '0.467', '2.1', '6.5', '.326', '.521', '.866', '4.1', '6.8', '0.9', '0.2', '4.1', '26.6', '1.66');

INSERT INTO PLAYERS_STATS_F
VALUES ('curryst01', '2018', 'PG', '30', 'GSW', '69', '33.8', '9.2', '.472', '5.1', '11.7', '.437', '.604', '.916', '5.3', '5.2', '1.3', '0.4', '2.8', '27.3', '1.86');

INSERT INTO PLAYERS_STATS_F
VALUES ('georgpa01', '2018', 'SF', '28', 'OKC', '77', '36.9', '9.2', '.438', '3.8', '9.8', '.386', '.529', '.839', '8.2', '4.1', '2.2', '0.4', '2.7', '28.0', '1.52');

INSERT INTO PLAYERS_STATS_F
VALUES ('irvinky01', '2018', 'PG', '26', 'BOS', '67', '33', '9', '.487', '2.6', '6.5', '.401', '.557', '.873', '5', '6.9', '1.5', '0.5', '2.6', '23.8', '2.65');

INSERT INTO PLAYERS_D
VALUES ('anthoca01', 'Carmelo Anthony');

INSERT INTO PLAYERS_D
VALUES ('curryst01', 'Steph Curry');

INSERT INTO PLAYERS_D
VALUES('belinma01', 'Marco Belinelli');

INSERT INTO PLAYERS_D
VALUES ('irvinky01', 'Kyrie Irving');

INSERT INTO PLAYERS_D
VALUES ('georgpa01', 'Paul George');

INSERT INTO PLAYERS_D
VALUES ('bookde01', 'Devin Booker');

INSERT INTO PLAYERS_D
VALUES ('butleji01', 'Jimmy Butler');

INSERT INTO PLAYERS_D
VALUES ('bealbr01', 'Bradley Beal');

INSERT INTO PLAYERS_D
VALUES ('cartevi01', 'Vince Carter');

INSERT INTO PLAYERS_D
VALUES ('lillada01', 'Damian Lillard');

INSERT INTO PLAYERS_D
VALUES ('jamesle01', 'Lebron James');

INSERT INTO PLAYERS_D
VALUES ('duranke01', 'Kevin Durant');

INSERT INTO PLAYERS_D
VALUES ('leonaka01', 'Kawhi Leonard');

INSERT INTO PLAYERS_D
VALUES ('lavinza01', 'Zach Lavine');

INSERT INTO PLAYERS_D
VALUES ('loveke01', 'Kevin Love');

INSERT INTO PLAYERS_D
VALUES ('mccolcj01', 'CJ McCollum');

INSERT INTO PLAYERS_D
VALUES ('middlkh01', 'Khris Middleton');

INSERT INTO PLAYERS_D
VALUES ('mitchdo01', 'Donovan Mitchell');

INSERT INTO PLAYERS_D
VALUES ('oladivi01', 'Victor Oladipo');

INSERT INTO PLAYERS_D
VALUES ('paulch01', 'Chris Paul');

INSERT INTO PLAYERS_SALARY_F
VAlUES ('curryst01', '2016', '12112359');

INSERT INTO PLAYERS_SALARY_F
VAlUES ('georgpa01', '2016', '18100000');

INSERT INTO PLAYERS_SALARY_F
VAlUES ('bookde01', '2016', '2223600');

INSERT INTO PLAYERS_SALARY_F
VAlUES ('bealbr01', '2016', '22116750');

INSERT INTO PLAYERS_SALARY_F
VAlUES ('anthoca01', '2016', '24559380');

INSERT INTO PLAYERS_SALARY_F
VAlUES ('irvinky01', '2016', '17638063');

INSERT INTO PLAYERS_SALARY_F
VAlUES ('belinma01', '2016', '6333333');

INSERT INTO PLAYERS_SALARY_F
VAlUES ('curryst01', '2017', '34682550');

INSERT INTO PLAYERS_SALARY_F
VAlUES ('georgpa01', '2017', '19300000');

INSERT INTO PLAYERS_SALARY_F
VAlUES ('bookde01', '2017', '2319360');

INSERT INTO PLAYERS_SALARY_F
VAlUES ('bealbr01', '2017', '23775506');

INSERT INTO PLAYERS_SALARY_F
VAlUES ('anthoca01', '2017', '26243760');

INSERT INTO PLAYERS_SALARY_F
VAlUES ('irvinky01', '2017', '18868626');

INSERT INTO PLAYERS_SALARY_F
VAlUES ('belinma01', '2017', '7082277');

INSERT INTO PLAYERS_SALARY_F
VAlUES ('curryst01', '2018', '37457154');

INSERT INTO PLAYERS_SALARY_F
VAlUES ('georgpa01', '2018', '30560700');

INSERT INTO PLAYERS_SALARY_F
VAlUES ('bookde01', '2018', '3314365');

INSERT INTO PLAYERS_SALARY_F
VAlUES ('bealbr01', '2018', '25434262');

INSERT INTO PLAYERS_SALARY_F
VAlUES ('anthoca01', '2018', '2393887');

INSERT INTO PLAYERS_SALARY_F
VAlUES ('irvinky01', '2018', '20099189');

INSERT INTO PLAYERS_SALARY_F
VAlUES ('belinma01', '2018', '6153846');

